2025/01/09,00:15:22,2,GUMI_AMAE_100.0,854542,「お前が落としたのはこの金のハンバーガーは？」「「「「「「「いらっしゃいませ！」」」,122,U81871d2aa3a80ab44110271b3fe58509
2025/01/09,00:15:28,3,GUMI_AMAE_100.0,430153,(……………………………………………………………………………,0,U81871d2aa3a80ab44110271b3fe58509
2025/01/09,00:15:36,0,caption,362519,口を開けた白いベルガ,726,U81871d2aa3a80ab44110271b3fe58509
2025/01/09,00:15:46,0,caption,311022,おもちゃのフィギュアが瓶入りのテーブルに載っている。,704,U81871d2aa3a80ab44110271b3fe58509
2025/01/09,00:16:32,0,caption,311022,おもちゃのフィギュアが瓶入りのテーブルに載っている。,704,U81871d2aa3a80ab44110271b3fe58509
2025/01/09,00:16:39,2,GUMI_AMAE_100.0,534275,「お前ら、俺がデブだなんて、、、」,151,U81871d2aa3a80ab44110271b3fe58509
2025/01/09,00:16:44,1,llama,551532,男性は、誰かの誕生日を祝っている。,175,U81871d2aa3a80ab44110271b3fe58509
2025/01/09,00:16:56,1,Neural_Joking_Machine,349940,「お母ちゃん、これ扇風機やて」と思わせて口の中の唾液で、めっちゃめちゃ痛い,191,U81871d2aa3a80ab44110271b3fe58509
2025/01/09,00:17:01,3,GUMI_T_3,412672,ああ〜あ〜、明日月曜日じゃん……,2685,U81871d2aa3a80ab44110271b3fe58509
2025/01/09,00:17:09,0,caption,465896,青いシャツを着て冠をかぶった少女。,0,U81871d2aa3a80ab44110271b3fe58509
2025/01/09,00:17:15,1,GUMI_AMAE_100.0,278348,「お前の好きな女子は、俺のクチバシはデカいんだぜ」,0,U81871d2aa3a80ab44110271b3fe58509
2025/01/09,00:17:21,2,GUMI_T_3,861708,「お前、鼻が高いのってどうやってやるんだ？」,0,U81871d2aa3a80ab44110271b3fe58509
2025/01/09,00:17:26,2,GUMI_AMAE_1.0,822634,カエルの歌姫,1285,U81871d2aa3a80ab44110271b3fe58509
2025/01/09,00:17:31,2,GUMI_AMAE_10.0,595619,この後、彼は見た,0,U81871d2aa3a80ab44110271b3fe58509
2025/01/09,00:17:36,1,GUMI_AMAE_100.0,751928,この画像のどこかにエロ線が見えるだろう？,0,U81871d2aa3a80ab44110271b3fe58509
2025/01/09,00:17:42,2,GUMI_AMAE_100.0,7030,お前ら、今日は俺の家に留学生来な,0,U81871d2aa3a80ab44110271b3fe58509
2025/01/09,00:17:48,2,caption,791694,教室に飛び込む少女たち,0,U81871d2aa3a80ab44110271b3fe58509
2025/01/09,00:17:51,1,caption,794780,芝生でタバコを吸っている子供,589,U81871d2aa3a80ab44110271b3fe58509
2025/01/09,00:17:55,0,caption,763787,角を持つ頭のクレイ彫刻,0,U81871d2aa3a80ab44110271b3fe58509
2025/01/09,00:18:00,0,llama,101680,草の中に2匹のヒグマが立っている画像に対して一言。,0,U81871d2aa3a80ab44110271b3fe58509
2025/01/09,00:18:07,2,llama,154957,犬をふりかけるというよりは、「犬を乗せて走ってる」感じかな,3,U81871d2aa3a80ab44110271b3fe58509
2025/01/09,00:18:10,3,GUMI_AMAE_100.0,275386,お前も痔かぁー,240,U81871d2aa3a80ab44110271b3fe58509
2025/01/09,00:18:14,2,GUMI_AMAE_10.0,755506,この後、彼は見た,302,U81871d2aa3a80ab44110271b3fe58509
2025/01/09,00:18:21,3,GUMI_AMAE_100.0,678875,俺の頭の中,0,U81871d2aa3a80ab44110271b3fe58509
2025/01/09,00:18:27,1,llama,776260,#ここに面白いボケを書きます,0,U81871d2aa3a80ab44110271b3fe58509
2025/01/09,00:18:33,2,caption,672837,ニンジンを食べるバニーの衣装を着た少女,539,U81871d2aa3a80ab44110271b3fe58509
2025/01/09,00:18:40,0,llama,383653,このぬいぐるみは、人形の家に引っ越してきた人形の家に引っ越してきた人形の家です。,751,U81871d2aa3a80ab44110271b3fe58509
2025/01/09,00:18:45,1,caption,404481,人や動物の写真のコラージュ,1,U81871d2aa3a80ab44110271b3fe58509
2025/01/09,00:18:50,3,GUMI_AMAE_10.0,712051,この後、彼の姿を見た者は誰か…,330,U81871d2aa3a80ab44110271b3fe58509
2025/01/09,00:18:56,1,caption,7030,人々の一群を飛び越えるイエスの絵,0,U81871d2aa3a80ab44110271b3fe58509
2025/01/09,00:19:02,1,GUMI_AMAE_100.0,52866,「あ、ごめん、今日はカルカン？」,168,U81871d2aa3a80ab44110271b3fe58509
2025/01/09,00:19:09,2,GUMI_AMAE_10.0,311022,あー、もう、もう、何も出ない,704,U81871d2aa3a80ab44110271b3fe58509
2025/01/09,00:19:13,0,llama,670113,地面に座っているサッカー選手画像に対して一言。,581,U81871d2aa3a80ab44110271b3fe58509
2025/01/09,00:19:18,1,caption,280300,口髭を生やした白黒の男性,2571,U81871d2aa3a80ab44110271b3fe58509
2025/01/09,00:19:25,3,human,625026,電車を降りた事に気付いてない。,0,U81871d2aa3a80ab44110271b3fe58509
2025/01/09,00:19:29,2,GUMI_T_3,429708,「お母さんの真似して」,680,U81871d2aa3a80ab44110271b3fe58509
2025/01/09,00:19:36,0,GUMI_AMAE_10.0,609616,‖‖‖‖‖,281,U81871d2aa3a80ab44110271b3fe58509
2025/01/09,08:42:45,0,caption,570243,赤い服を着た女性が男の隣に立っている,0,U81871d2aa3a80ab44110271b3fe58509
2025/01/09,08:42:52,2,human,712051,その時人類は思い出した,330,U81871d2aa3a80ab44110271b3fe58509
2025/01/09,08:42:58,0,llama,457392,赤子を抱いている男性画像に対して一言。,0,U81871d2aa3a80ab44110271b3fe58509
2025/01/09,08:43:03,2,GUMI_AMAE_10.0,685876,「ああ、私が白黒な」,0,U81871d2aa3a80ab44110271b3fe58509
2025/01/09,08:43:14,1,GUMI_T_3,765561,「お父さんは今から旅行に行く準備をしてるよ」,0,U81871d2aa3a80ab44110271b3fe58509
2025/01/09,08:43:20,2,GUMI_AMAE_1.0,102671,「お前頭大丈夫？」,3,U81871d2aa3a80ab44110271b3fe58509
2025/01/09,08:43:28,2,GUMI_T_3,706501,「お前、俺の女の子じゃね?」,0,U81871d2aa3a80ab44110271b3fe58509
2025/01/09,08:43:32,2,llama,275386,それはあなたの想像です,240,U81871d2aa3a80ab44110271b3fe58509
2025/01/09,08:43:45,3,GUMI_AMAE_100.0,257992,「お願いです！僕を食べても食べても食べても食べても我慢できません！」,0,U81871d2aa3a80ab44110271b3fe58509
2025/01/09,08:43:49,1,GUMI_T_3,706501,「お前、俺の女の子じゃね?」,0,U81871d2aa3a80ab44110271b3fe58509
2025/01/09,08:43:54,0,Neural_Joking_Machine,7030,「「「「「「「「イエッｋ★とかはいいからさ～！,0,U81871d2aa3a80ab44110271b3fe58509
2025/01/09,14:41:10,3,GUMI_AMAE_1.0,373679,「あ～、お前の嫁さん、またつまらぬ物を結んでくれたから未だに使ってるんだけど、もう一度行っ,0,U81871d2aa3a80ab44110271b3fe58509
2025/01/10,08:46:17,3,caption,229388,丘の上に立っている赤い上着を着た男,0,U81871d2aa3a80ab44110271b3fe58509
2025/01/10,08:47:18,2,GUMI_AMAE_10000.0,33001,お前の年収いくら？！,2,U81871d2aa3a80ab44110271b3fe58509
2025/01/10,08:47:22,3,GUMI_AMAE_1.0,365430,お、お前、おれの手を借りたいのか？,0,U81871d2aa3a80ab44110271b3fe58509
2025/01/10,08:47:27,1,Neural_Joking_Machine,465363,「あのー、僕が落ちてきました。」と言っているが、どうやら騙されたようだ。,0,U81871d2aa3a80ab44110271b3fe58509
2025/01/10,08:47:30,3,GUMI_AMAE_100.0,228650,くやしいです！,638,U81871d2aa3a80ab44110271b3fe58509
2025/01/10,08:47:36,3,human,181249,黄身がいなくなってから殻に閉じこもってばかりだ,110,U81871d2aa3a80ab44110271b3fe58509
2025/01/10,10:20:00,2,gumi_amae10000.0_result,37711,「この中のどれかにウィンクィンを３本おつけよう！」,U393333227f18afa278a55a4c4602c35c
2025/01/10,10:22:34,2,llama,609616,おばあちゃんは、画像に対して「大漁」と言った。,281,U393333227f18afa278a55a4c4602c35c
2025/01/10,10:22:40,2,GUMI_AMAE_100.0,776260,「お父さん、僕、大きくなったら漁師になるんだ。」,0,U393333227f18afa278a55a4c4602c35c
2025/01/10,10:22:48,2,Neural_Joking_Machine,326776,「お前がラフな格好で来い」って言ったらとんでもない下着を盗まれた,1228,U393333227f18afa278a55a4c4602c35c
2025/01/10,10:22:53,1,GUMI_AMAE_1000.0,670113,この辺りで地雷が釣れた,581,U393333227f18afa278a55a4c4602c35c
2025/01/10,10:23:02,2,GUMI_AMAE_10.0,225896,………,0,U393333227f18afa278a55a4c4602c35c
2025/01/10,10:23:51,0,caption,215947,白い服を着た男が2匹の猿とともにベンチに座っている,0,U393333227f18afa278a55a4c4602c35c
2025/01/10,10:24:12,3,GUMI_AE,534275,「お母さん、今日は何で裸で公園に連れてきたんだってよ」,151,U393333227f18afa278a55a4c4602c35c
2025/01/10,10:24:26,1,GUMI_AMAE_10000.0,680407,あーあ、もうちょっとでトライに出しちゃってー。,314,U393333227f18afa278a55a4c4602c35c
2025/01/10,10:24:39,1,caption,98418,廊下で子供たちと踊る女性,199,U393333227f18afa278a55a4c4602c35c
2025/01/10,10:24:59,1,Neural_Joking_Machine,404481,「あー、なるほど。で、何で俺だけ何で生き物なんやろ？」,1,U393333227f18afa278a55a4c4602c35c
2025/01/10,10:25:06,2,GUMI_AMAE_10.0,750799,お分かり頂けただろうか,0,U393333227f18afa278a55a4c4602c35c
2025/01/10,10:25:21,1,human,706501,頭叩いたら何か出てきて、もう笑うしかない,0,U393333227f18afa278a55a4c4602c35c
2025/01/10,10:25:36,0,llama,69358,長い黒髪に赤い上着を纏った若い女性。画像に対して一言。,2,U393333227f18afa278a55a4c4602c35c
2025/01/10,10:25:44,2,GUMI_AMAE_1.0,829595,えー！今日一日なにゃったか知らないの？,235,U393333227f18afa278a55a4c4602c35c
2025/01/10,10:25:49,3,GUMI_AE,60739,お前、俺と同じ髪型にしてんだ？,3,U393333227f18afa278a55a4c4602c35c
2025/01/10,10:25:58,0,caption,445637,飛行機に座っている男女の写真2枚,0,U393333227f18afa278a55a4c4602c35c
2025/01/10,10:26:10,1,GUMI_T_3,158354,パパ、ママに怒られるよ。,3,U393333227f18afa278a55a4c4602c35c
2025/01/10,10:26:16,3,Neural_Joking_Machine,48991,お前らの募金、待ってるぜ！,1226,U393333227f18afa278a55a4c4602c35c
2025/01/10,10:26:23,2,llama,421521,熊がバスに乗って立っている画像に対して一言。,1740,U393333227f18afa278a55a4c4602c35c
2025/01/10,10:26:31,3,GUMI_AMAE_100.0,349940,「お前はもう死んでいる」,191,U393333227f18afa278a55a4c4602c35c
2025/01/10,10:26:37,3,GUMI_AMAE_10000.0,326776,お前の家は？,1228,U393333227f18afa278a55a4c4602c35c
2025/01/10,10:26:44,3,GUMI_AMAE_10000.0,326776,お前の家は？,1228,U393333227f18afa278a55a4c4602c35c
2025/01/10,10:26:50,2,Neural_Joking_Machine,757543,この中に、１人妹が入っています,0,U393333227f18afa278a55a4c4602c35c
2025/01/10,10:26:58,1,caption,301858,ネコがソファーの後ろに座っている,184,U393333227f18afa278a55a4c4602c35c
2025/01/10,10:27:03,2,Neural_Joking_Machine,533462,この人、さっきからずっと私の頭の中に居た。,9740,U393333227f18afa278a55a4c4602c35c
2025/01/10,10:27:11,3,GUMI_AMAE_1.0,130959,「あ、おかまいなく。」,0,U393333227f18afa278a55a4c4602c35c
2025/01/10,10:27:19,0,caption,225896,スーツを着た男と手を振っている子供,0,U393333227f18afa278a55a4c4602c35c
2025/01/10,10:27:24,3,llama,171773,女性「今年はこれ、緑色のズッキーニが流行る」,0,U393333227f18afa278a55a4c4602c35c
2025/01/10,10:27:28,1,GUMI_AMAE_100.0,465896,「お前は、、、、、、、、、、、、、、、、、、、、、、、、、、,0,U393333227f18afa278a55a4c4602c35c
2025/01/10,10:27:38,3,GUMI_AMAE_10000.0,326776,お前の家は？,1228,U393333227f18afa278a55a4c4602c35c
2025/01/10,10:28:38,3,GUMI_AMAE_10000.0,326776,お前の家は？,1228,U393333227f18afa278a55a4c4602c35c
2025/01/10,10:29:10,0,GUMI_AE,800056,「お前ら俺の頭を見てくれよ。」と言って、つい…,0,U81871d2aa3a80ab44110271b3fe58509
2025/01/10,10:29:14,3,GUMI_AMAE_1.0,685876,「あ、あの、すいません、トイレ貸してください」「はい、すいません。」,0,U81871d2aa3a80ab44110271b3fe58509
2025/01/10,10:29:19,2,GUMI_AMAE_1.0,593141,「お前の席ねーから」,432,U81871d2aa3a80ab44110271b3fe58509
2025/01/10,10:29:39,3,GUMI_AMAE_10000.0,326776,お前の家は？,1228,U393333227f18afa278a55a4c4602c35c
2025/01/10,10:30:40,3,GUMI_AMAE_10000.0,326776,お前の家は？,1228,U393333227f18afa278a55a4c4602c35c
2025/01/10,10:31:41,3,GUMI_AMAE_10000.0,326776,お前の家は？,1228,U393333227f18afa278a55a4c4602c35c
2025/01/10,10:32:41,3,GUMI_AMAE_10000.0,326776,お前の家は？,1228,U393333227f18afa278a55a4c4602c35c
2025/01/10,10:33:42,3,GUMI_AMAE_10000.0,326776,お前の家は？,1228,U393333227f18afa278a55a4c4602c35c
2025/01/10,10:34:42,3,GUMI_AMAE_10000.0,326776,お前の家は？,1228,U393333227f18afa278a55a4c4602c35c
2025/01/10,10:35:43,3,GUMI_AMAE_10000.0,326776,お前の家は？,1228,U393333227f18afa278a55a4c4602c35c
2025/01/10,10:36:44,3,GUMI_AMAE_10000.0,326776,お前の家は？,1228,U393333227f18afa278a55a4c4602c35c
2025/01/10,10:37:44,3,GUMI_AMAE_10000.0,326776,お前の家は？,1228,U393333227f18afa278a55a4c4602c35c
2025/01/10,10:38:45,3,GUMI_AMAE_10000.0,326776,お前の家は？,1228,U393333227f18afa278a55a4c4602c35c
2025/01/10,10:39:45,3,GUMI_AMAE_10000.0,326776,お前の家は？,1228,U393333227f18afa278a55a4c4602c35c
2025/01/10,10:40:46,3,GUMI_AMAE_10000.0,326776,お前の家は？,1228,U393333227f18afa278a55a4c4602c35c
2025/01/10,10:41:47,3,GUMI_AMAE_10000.0,326776,お前の家は？,1228,U393333227f18afa278a55a4c4602c35c
2025/01/10,10:53:59,0,Neural_Joking_Machine,171256,あ、お母さん？お父さん、今日はまたマグロの敷き渡してるところ。,0,U81871d2aa3a80ab44110271b3fe58509
2025/01/10,10:54:05,2,caption,672837,ニンジンを食べるバニーの衣装を着た少女,539,U81871d2aa3a80ab44110271b3fe58509
2025/01/10,10:54:09,0,caption,147969,部屋に座っているスーツを着てネクタイをしている男性,0,U81871d2aa3a80ab44110271b3fe58509
2025/01/10,10:54:12,2,GUMI_AMAE_10.0,166218,何も見えない,0,U81871d2aa3a80ab44110271b3fe58509
2025/01/10,10:54:16,2,GUMI_AE,378711,お願い。。。,271,U81871d2aa3a80ab44110271b3fe58509
2025/01/10,10:54:19,0,caption,249199,木の葉を食べるコアラ,687,U81871d2aa3a80ab44110271b3fe58509
2025/01/10,10:54:25,2,GUMI_AMAE_1000.0,201511,「この辺りで眼鏡落ちてませんでしたか？」「いや、私の手じゃ足りないんじゃないですか？」,4579,U81871d2aa3a80ab44110271b3fe58509
2025/01/10,10:54:56,3,llama,337268,「あ～ん、待って～」,233,U81871d2aa3a80ab44110271b3fe58509
2025/01/10,10:55:00,1,GUMI_AE,155707,「この子を撃ち抜いて！」の一言で即刻の記憶をたどった,2513,U81871d2aa3a80ab44110271b3fe58509
2025/01/10,10:55:04,2,Neural_Joking_Machine,283420,この写真を撮っている人は☆を押してください。,1,U81871d2aa3a80ab44110271b3fe58509
2025/01/10,10:59:40,3,GUMI_AMAE_1.0,685876,「あ、あの、すいません、トイレ貸してください」「はい、すいません。」,0,U81871d2aa3a80ab44110271b3fe58509
2025/01/10,10:59:47,2,GUMI_AMAE_10.0,473059,「ねぇねぇ、この子、何で私の事見てるの？」,170,U81871d2aa3a80ab44110271b3fe58509
2025/01/10,11:36:16,1,llama,278348,大きなアフロがロッカーに座っている男性画像に対して一言。,0,U81871d2aa3a80ab44110271b3fe58509
2025/01/10,11:36:21,2,GUMI_AMAE_1000.0,90336,「お嬢さん、お茶お持ち」,163,U81871d2aa3a80ab44110271b3fe58509
2025/01/10,11:36:24,2,GUMI_AMAE_10000.0,210423,「この人、痴漢です!!!」,276,U81871d2aa3a80ab44110271b3fe58509
2025/01/10,11:36:30,2,human,130959,犬「お前のバトルボディじゃ俺には勝てない」,0,U81871d2aa3a80ab44110271b3fe58509
2025/01/10,11:36:35,0,llama,642935,銀のスーツを着た男が走っている画像に対して一言。,455,U81871d2aa3a80ab44110271b3fe58509
2025/01/10,11:36:53,1,caption,339372,赤い壁の木造面,259,U393333227f18afa278a55a4c4602c35c
2025/01/10,11:36:57,2,GUMI_AMAE_10000.0,69358,お前の年収少ないんだろ！？,2,U393333227f18afa278a55a4c4602c35c
2025/01/10,11:37:04,2,caption,228284,チンパンジーと遊んでいる少年,450,U393333227f18afa278a55a4c4602c35c
2025/01/10,11:37:09,2,GUMI_AMAE_100.0,268661,「俺が支えているから、早く逃げるんだ」,0,U393333227f18afa278a55a4c4602c35c
2025/01/10,11:37:15,3,human,753960,上司の説教が終わり振り返った顔,3,U393333227f18afa278a55a4c4602c35c
2025/01/10,11:37:20,1,GUMI_AMAE_10000.0,595619,お前の頭の方が若干速いとか笑ってやがる！,0,U393333227f18afa278a55a4c4602c35c
2025/01/10,11:37:35,2,GUMI_AMAE_1.0,747774,この後、スタッフ一同でおいしくいただきました,2,U393333227f18afa278a55a4c4602c35c
2025/01/10,11:37:41,3,human,794780,すぎちゃん(3),589,U393333227f18afa278a55a4c4602c35c
2025/01/10,11:37:48,3,GUMI_T_3,281343,きつねの威を借るきつね,658,U393333227f18afa278a55a4c4602c35c
2025/01/10,11:37:55,0,llama,775171,踊る少女のシルエット画像に対して一言。,0,U393333227f18afa278a55a4c4602c35c
2025/01/10,11:38:00,3,caption,775056,男が口に爪楊枝を入れている姿,307,U393333227f18afa278a55a4c4602c35c
2025/01/10,11:38:10,3,GUMI_AMAE_100.0,79811,「この人は、何が知りたい？」の質問に対して、無言の答え,718,U393333227f18afa278a55a4c4602c35c
2025/01/10,11:38:17,1,GUMI_AMAE_1000.0,854542,俺のスタンドは暗殺シマウマだあぁぁぁ！！！,122,U393333227f18afa278a55a4c4602c35c
2025/01/10,11:38:20,2,GUMI_T_3,422007,この角度から撮れた！！,119,U393333227f18afa278a55a4c4602c35c
2025/01/10,11:38:28,1,human,861708,ずっと見てると目が開くよ！,0,U393333227f18afa278a55a4c4602c35c
2025/01/10,11:38:31,2,GUMI_AMAE_10.0,459610,何か出る。,0,U393333227f18afa278a55a4c4602c35c
2025/01/10,11:38:37,2,GUMI_AE,349866,お前、俺が見えるのか？,2869,U393333227f18afa278a55a4c4602c35c
2025/01/10,11:38:42,0,caption,654850,干し草を敷いた垣根を馬が走っている,0,U393333227f18afa278a55a4c4602c35c
2025/01/10,11:38:46,1,Neural_Joking_Machine,551532,「俺が悪かった！この通り！！」,175,U393333227f18afa278a55a4c4602c35c
2025/01/10,11:38:50,0,GUMI_AMAE_10.0,171256,ん？この中におれのお父さんの、お母さん？,0,U393333227f18afa278a55a4c4602c35c
2025/01/10,12:56:41,3,GUMI_AMAE_1000.0,751928,「私は、虎になる」と言ったらエスカレートしてこれ、何処までもが異常に増えてた。,0,U81871d2aa3a80ab44110271b3fe58509
2025/01/10,13:01:07,2,GUMI_T_3,822771,「あっ！あっ！」,0,U81871d2aa3a80ab44110271b3fe58509
2025/01/10,13:02:13,1,caption,755506,船の隣に立っている制服の男性のグループ,302,U81871d2aa3a80ab44110271b3fe58509
2025/01/10,13:02:16,2,GUMI_AMAE_100.0,186512,「俺の方が黒い」,0,U81871d2aa3a80ab44110271b3fe58509
2025/01/10,13:02:20,3,Neural_Joking_Machine,317405,「俺は、人間に戻れる力があるんだ・・・」,1011,U81871d2aa3a80ab44110271b3fe58509
2025/01/10,13:08:47,0,caption,405515,ローブと帽子をかぶったハリー・ポッター,104,U04c3c675c9e56da782a56e300157aa20
2025/01/10,13:09:00,2,llama,534275,「おい、草食ってんじゃねぇぞ」,151,U3546d8ffef14c24459d7a2078811fe78
2025/01/10,13:09:04,1,GUMI_AMAE_10000.0,776260,「あ、すみません。この通りです。」,0,U238ecadb5c6813f7dd43e2d9dc610441
2025/01/10,13:09:06,1,GUMI_AMAE_10000.0,776260,「あ、すみません。この通りです。」,0,U238ecadb5c6813f7dd43e2d9dc610441
2025/01/10,13:09:06,1,GUMI_AMAE_10000.0,776260,「あ、すみません。この通りです。」,0,U238ecadb5c6813f7dd43e2d9dc610441
2025/01/10,13:09:06,0,GUMI_AMAE_100.0,7030,お前ら、今日は俺の家に留学生来な,0,U1df7b9de297aad87ad8a7bb3209a7039
2025/01/10,13:09:07,1,GUMI_AMAE_10000.0,776260,「あ、すみません。この通りです。」,0,U238ecadb5c6813f7dd43e2d9dc610441
2025/01/10,13:09:07,1,GUMI_AMAE_10000.0,776260,「あ、すみません。この通りです。」,0,U238ecadb5c6813f7dd43e2d9dc610441
2025/01/10,13:09:08,1,GUMI_AMAE_10000.0,776260,「あ、すみません。この通りです。」,0,U238ecadb5c6813f7dd43e2d9dc610441
2025/01/10,13:09:12,1,GUMI_AMAE_10000.0,275386,「あ〜ん、そこ！そこ！そこが痒いのよ〜。」,240,U754719c967affd0b686d697632c88105
2025/01/10,13:09:13,2,llama,281343,「おっさん臭い」,658,U7ce7b8b073b61a79716f07a09afe03d8
2025/01/10,13:09:14,1,llama,644634,ソファで横たわる猫の画像に対して、面白い一言を返してください。,183,U04c3c675c9e56da782a56e300157aa20
2025/01/10,13:09:16,1,llama,644634,ソファで横たわる猫の画像に対して、面白い一言を返してください。,183,U04c3c675c9e56da782a56e300157aa20
2025/01/10,13:09:16,0,GUMI_T_3,642935,怪獣が現れた！！,455,U1df7b9de297aad87ad8a7bb3209a7039
2025/01/10,13:09:19,1,caption,609616,おばあちゃんはキャンペーンイベントでスピーチをしています。,281,U754719c967affd0b686d697632c88105
2025/01/10,13:09:20,0,llama,685201,お腹が痛いですか？,0,U7ce7b8b073b61a79716f07a09afe03d8
2025/01/10,13:09:20,1,GUMI_AE,465896,この人誰？,757,U3546d8ffef14c24459d7a2078811fe78
2025/01/10,13:09:22,1,GUMI_AE,465896,この人誰？,757,U3546d8ffef14c24459d7a2078811fe78
2025/01/10,13:09:26,0,GUMI_AMAE_1000.0,570243,私、こういう者です。,0,Ue76866fc8639efebf55cbebe23aa4f35
2025/01/10,13:09:26,3,human,570243,君にケチャップを語る資格はない！,0,U04c3c675c9e56da782a56e300157aa20
2025/01/10,13:09:27,0,Neural_Joking_Machine,824228,「お母さん、見に来てくれた人、ここ」,2,U7ce7b8b073b61a79716f07a09afe03d8
2025/01/10,13:09:28,2,GUMI_AMAE_1.0,8991,「お前、見込みアリ。ワシが守ってやるよ。」,0,U754719c967affd0b686d697632c88105
2025/01/10,13:09:31,0,GUMI_AMAE_10.0,156489,この先は俺が掃除してやる！,0,U24a6c307debfbd61446491666fa22f92
2025/01/10,13:09:32,0,GUMI_AMAE_10.0,156489,この先は俺が掃除してやる！,0,U24a6c307debfbd61446491666fa22f92
2025/01/10,13:09:33,2,GUMI_T_3,534275,「あ、大丈夫ですよ、今は馬になりませんから…」,151,Ue76866fc8639efebf55cbebe23aa4f35
2025/01/10,13:09:34,1,GUMI_AMAE_1.0,8991,「お前、見込みアリ。ワシが守ってやるよ。」,0,Ua7ab2c20678445d21f251f19ce625400
2025/01/10,13:09:35,1,GUMI_AMAE_1.0,8991,「お前、見込みアリ。ワシが守ってやるよ。」,0,Ua7ab2c20678445d21f251f19ce625400
2025/01/10,13:09:36,1,GUMI_AMAE_1.0,8991,「お前、見込みアリ。ワシが守ってやるよ。」,0,Ua7ab2c20678445d21f251f19ce625400
2025/01/10,13:09:37,0,human,30958,注文ミスであり余ってるんで、すし５００円で買ってくれませんかぁ？,1,U7ce7b8b073b61a79716f07a09afe03d8
2025/01/10,13:09:38,2,GUMI_AE,48991,「この子が私の子じゃないんです、あなたは貴方を見ています」,1226,U754719c967affd0b686d697632c88105
2025/01/10,13:09:39,1,GUMI_T_3,255449,この装備なら勇者でも壊れない素材が多いぞ！！,9226,U1df7b9de297aad87ad8a7bb3209a7039
2025/01/10,13:09:42,0,caption,643412,滝の端に立つ二人の男,0,U04c3c675c9e56da782a56e300157aa20
2025/01/10,13:09:42,2,GUMI_AMAE_10.0,421521,俺の中の何か,1740,U7ce7b8b073b61a79716f07a09afe03d8
2025/01/10,13:09:43,2,GUMI_AMAE_1.0,383653,「お父さん、お母さん…」「…」「うん……」,751,U21168e2db4f757ea059aa2e889fbf12f
2025/01/10,13:09:43,1,GUMI_AMAE_10000.0,776260,「あ、すみません。この通りです。」,0,U238ecadb5c6813f7dd43e2d9dc610441
2025/01/10,13:09:43,0,Neural_Joking_Machine,670113,ボールを取った時点で、監督が「監督！」って言って投げてくる,581,U5a9104065a001549bfbaefd1269f6da7
2025/01/10,13:09:43,0,GUMI_AMAE_10.0,48991,‖‖‖‖‖,1226,U754719c967affd0b686d697632c88105
2025/01/10,13:09:43,1,llama,421521,熊がバスに乗って立っている画像に対して一言。,1740,U044b3b48c94435bc4b1c3585a7faf32e
2025/01/10,13:09:43,0,caption,376971,公園でハトに餌をやっている女性,362,Ue76866fc8639efebf55cbebe23aa4f35
2025/01/10,13:09:43,1,GUMI_AMAE_10000.0,776260,「あ、すみません。この通りです。」,0,U238ecadb5c6813f7dd43e2d9dc610441
2025/01/10,13:09:44,1,llama,421521,熊がバスに乗って立っている画像に対して一言。,1740,U044b3b48c94435bc4b1c3585a7faf32e
2025/01/10,13:09:44,1,GUMI_AMAE_10000.0,776260,「あ、すみません。この通りです。」,0,U238ecadb5c6813f7dd43e2d9dc610441
2025/01/10,13:09:46,0,Neural_Joking_Machine,670113,ボールを取った時点で、監督が「監督！」って言って投げてくる,581,U5a9104065a001549bfbaefd1269f6da7
2025/01/10,13:09:46,0,caption,775171,踊る少女のシルエット,0,Ued8b930eb6ff35a59d27f0297fa81232
2025/01/10,13:09:47,0,caption,822771,ドラゴンボールZ -サイヤ人vsカイ,0,U3546d8ffef14c24459d7a2078811fe78
2025/01/10,13:09:48,2,GUMI_AMAE_1000.0,79811,お前の母ちゃんでーべそ！,718,U21168e2db4f757ea059aa2e889fbf12f
2025/01/10,13:09:48,0,caption,147211,金閣が水面に映る,0,U24a6c307debfbd61446491666fa22f92
2025/01/10,13:09:48,2,human,858345,ってこけへんのかーい,0,U15d5c586ae4db86a623a80c0d73bb41d
2025/01/10,13:09:48,1,GUMI_AMAE_100.0,275386,お前も痔かぁー,240,Uc516416932d3276cabbb06d6c59b26ae
2025/01/10,13:09:49,2,llama,268661,男「手前の水飲んでるけど、大丈夫？」,0,U04c3c675c9e56da782a56e300157aa20
2025/01/10,13:09:51,1,Neural_Joking_Machine,69358,「あなたは、私の目を見て話しなさい！！」,2,U754719c967affd0b686d697632c88105
2025/01/10,13:09:52,3,Neural_Joking_Machine,820226,え、なに？,311,U15d5c586ae4db86a623a80c0d73bb41d
2025/01/10,13:09:53,2,GUMI_AMAE_10.0,278348,「あ、目が合った。」,0,U5a9104065a001549bfbaefd1269f6da7
2025/01/10,13:09:53,2,GUMI_AMAE_10000.0,756092,この角度なら多少小さいわね。,1,Ue76866fc8639efebf55cbebe23aa4f35
2025/01/10,13:09:54,1,GUMI_AMAE_1.0,794780,俺のプリン食べやがってどういうこと？,589,Ua7f1d6ce4fb2676602d97c1da6e54d19
2025/01/10,13:09:54,1,GUMI_AMAE_10.0,466966,ん？この中に入ってるね。,0,Ua7ab2c20678445d21f251f19ce625400
2025/01/10,13:09:54,2,GUMI_AMAE_10.0,278348,「あ、目が合った。」,0,U5a9104065a001549bfbaefd1269f6da7
2025/01/10,13:09:55,2,GUMI_AMAE_10.0,278348,「あ、目が合った。」,0,U5a9104065a001549bfbaefd1269f6da7
2025/01/10,13:09:55,2,GUMI_T_3,154957,「おい待て、待て、お前にはまだ早くないか？」「ううん！！」,3,U1df7b9de297aad87ad8a7bb3209a7039
2025/01/10,13:09:55,2,GUMI_AMAE_10.0,278348,「あ、目が合った。」,0,U5a9104065a001549bfbaefd1269f6da7
2025/01/10,13:09:56,2,GUMI_AMAE_10.0,278348,「あ、目が合った。」,0,U5a9104065a001549bfbaefd1269f6da7
2025/01/10,13:09:56,2,GUMI_AE,181344,この人の名前を教えてあげよう。,127,U754719c967affd0b686d697632c88105
2025/01/10,13:09:56,1,caption,763787,角を持つ頭のクレイ彫刻,0,U04c3c675c9e56da782a56e300157aa20
2025/01/10,13:09:56,0,Neural_Joking_Machine,670113,ボールを取った時点で、監督が「監督！」って言って投げてくる,581,U5a9104065a001549bfbaefd1269f6da7
2025/01/10,13:09:56,2,caption,310409,男の隣の階段に座っている犬,1,U238ecadb5c6813f7dd43e2d9dc610441
2025/01/10,13:09:56,0,GUMI_AE,237875,「「「「「「おぎゃぉ！」」」」」」,184,U19b2616f29aeb147e9653bbcb239a70b
2025/01/10,13:09:57,2,human,670113,説明しよーーーう！！！！！,581,U044b3b48c94435bc4b1c3585a7faf32e
2025/01/10,13:09:57,2,caption,310409,男の隣の階段に座っている犬,1,U238ecadb5c6813f7dd43e2d9dc610441
2025/01/10,13:09:57,2,caption,310409,男の隣の階段に座っている犬,1,U238ecadb5c6813f7dd43e2d9dc610441
2025/01/10,13:09:58,2,caption,310409,男の隣の階段に座っている犬,1,U238ecadb5c6813f7dd43e2d9dc610441
2025/01/10,13:09:58,0,GUMI_AMAE_10.0,308668,‖‖‖‖,2006,U7ce7b8b073b61a79716f07a09afe03d8
2025/01/10,13:09:58,1,GUMI_AMAE_100.0,349866,「この子を見て、この中で何人もの男を見たんです」『はい、もしもし』,2869,Ue375c4d917dcc3289b8eb97d3a1f4c6b
2025/01/10,13:09:58,0,GUMI_AMAE_10.0,473059,「ねぇねぇ、この子、何で私の事見てるの？」,170,U21168e2db4f757ea059aa2e889fbf12f
2025/01/10,13:09:59,1,GUMI_AMAE_1.0,308520,「お前は俺に勝てると思ってんの？」,331,Ua7ab2c20678445d21f251f19ce625400
2025/01/10,13:09:59,2,GUMI_T_3,117452,「え？この状況から入れる保険があるんですか？」,1,Ue76866fc8639efebf55cbebe23aa4f35
2025/01/10,13:10:00,0,GUMI_AMAE_1000.0,445637,「「「「「「「「「「「この人の身長に心の準備すらもついてないんだよ！」」」」」,0,U3546d8ffef14c24459d7a2078811fe78
2025/01/10,13:10:00,1,caption,52866,ウィニー プーさんのマスコットが通りを歩いている姿。,168,U754719c967affd0b686d697632c88105
2025/01/10,13:10:01,1,GUMI_T_3,747190,お尻に敷かれる,14033,U04c3c675c9e56da782a56e300157aa20
2025/01/10,13:10:01,2,GUMI_AMAE_100.0,349866,「この子を見て、この中で何人もの男を見たんです」『はい、もしもし』,2869,Ue375c4d917dcc3289b8eb97d3a1f4c6b
2025/01/10,13:10:01,0,GUMI_AE,237875,「「「「「「おぎゃぉ！」」」」」」,184,U19b2616f29aeb147e9653bbcb239a70b
2025/01/10,13:10:02,1,GUMI_T_3,127905,俺の背中に乗っかってるヤツ、絶対に行かない,0,Uc516416932d3276cabbb06d6c59b26ae
2025/01/10,13:10:02,1,GUMI_AMAE_100.0,349866,「この子を見て、この中で何人もの男を見たんです」『はい、もしもし』,2869,Ue375c4d917dcc3289b8eb97d3a1f4c6b
2025/01/10,13:10:02,2,GUMI_AMAE_100.0,379834,「この紋所が目に入らぬか！」,0,U044b3b48c94435bc4b1c3585a7faf32e
2025/01/10,13:10:03,0,caption,310409,男の隣の階段に座っている犬,1,U5a9104065a001549bfbaefd1269f6da7
2025/01/10,13:10:04,1,GUMI_AMAE_1.0,634136,「シンプルに口が臭い」,7430,U54e424262d33fdb1641848ce9b692fa8
2025/01/10,13:10:05,0,Neural_Joking_Machine,640106,「この人、誰だったか思い出して」,519,Ua7ab2c20678445d21f251f19ce625400
2025/01/10,13:10:05,1,Neural_Joking_Machine,301858,猫の手も借りぐらしの猫まっすかた,184,U754719c967affd0b686d697632c88105
2025/01/10,13:10:06,2,caption,669222,男は大きな魚で海で釣りをしている,0,U15d5c586ae4db86a623a80c0d73bb41d
2025/01/10,13:10:07,3,human,712051,その時人類は思い出した,330,U5a9104065a001549bfbaefd1269f6da7
2025/01/10,13:10:08,1,Neural_Joking_Machine,362519,あ、すみません、この通りです。,726,U1df7b9de297aad87ad8a7bb3209a7039
2025/01/10,13:10:08,0,Neural_Joking_Machine,855362,お前、その服、センスよく笑ってんな。,120,U7ce7b8b073b61a79716f07a09afe03d8
2025/01/10,13:10:08,2,human,215073,困ったことはないか？と聞かれ、何もなくて困ってる人,3,Uc516416932d3276cabbb06d6c59b26ae
2025/01/10,13:10:09,2,human,634136,人間って意外とオイシイ～,0,Ua7ab2c20678445d21f251f19ce625400
2025/01/10,13:10:09,0,caption,776260,犬と2人のシェフを持つ漫画のキャラクター,0,U21168e2db4f757ea059aa2e889fbf12f
2025/01/10,13:10:10,3,human,221724,崖の上の捕虜,688,U04c3c675c9e56da782a56e300157aa20
2025/01/10,13:10:10,2,llama,8991,「おめぇら、戦争終わったぞ」,0,U3546d8ffef14c24459d7a2078811fe78
2025/01/10,13:10:10,1,human,275386,会社に遅刻してるけど、一旦現実逃避してみる。,240,U54e424262d33fdb1641848ce9b692fa8
2025/01/10,13:10:10,0,GUMI_AE,79811,あ、もしもし？俺の家、燃えてる？,718,U5a9104065a001549bfbaefd1269f6da7
2025/01/10,13:10:10,0,GUMI_AE,98010,「お前、今、何か書いてあるけど？」,1,Ua7f1d6ce4fb2676602d97c1da6e54d19
2025/01/10,13:10:12,1,GUMI_AMAE_10000.0,130959,この後、二人は組むことになった・・・,0,U754719c967affd0b686d697632c88105
2025/01/10,13:10:12,2,GUMI_T_3,534275,「あ、大丈夫ですよ、今は馬になりませんから…」,151,Ue76866fc8639efebf55cbebe23aa4f35
2025/01/10,13:10:14,3,GUMI_T_3,644634,にゃんて日だ！,183,Uc516416932d3276cabbb06d6c59b26ae
2025/01/10,13:10:14,2,GUMI_AMAE_1000.0,362519,お前は俺が守る！,726,U54e424262d33fdb1641848ce9b692fa8
2025/01/10,13:10:15,1,GUMI_AMAE_1000.0,216654,俺の手相も～,0,U238ecadb5c6813f7dd43e2d9dc610441
2025/01/10,13:10:15,1,GUMI_AE,421521,「お前の席ねぇから！！！」,1740,U5a9104065a001549bfbaefd1269f6da7
2025/01/10,13:10:16,1,GUMI_AE,595619,お前、俺の靴にガムがついてねえ！,0,U044b3b48c94435bc4b1c3585a7faf32e
2025/01/10,13:10:17,2,GUMI_T_3,473059,これドロップちゃうおはじきや…,170,U21168e2db4f757ea059aa2e889fbf12f
2025/01/10,13:10:19,1,GUMI_AMAE_1000.0,166218,俺が地球に向かっていけんな！,0,U238ecadb5c6813f7dd43e2d9dc610441
2025/01/10,13:10:19,1,GUMI_AE,145913,お母さーん！新しいシャンプー買ってきてー！,751,Ua7ab2c20678445d21f251f19ce625400
2025/01/10,13:10:19,1,GUMI_AE,465896,「お前が俺で、俺のボケのセンスには、どんな格好しても全然面白くないな」って、俺って。。,0,Ued8b930eb6ff35a59d27f0297fa81232
2025/01/10,13:10:20,3,GUMI_T_3,466966,飛べない豚はただの豚だあああ！,0,U24a6c307debfbd61446491666fa22f92
2025/01/10,13:10:20,2,GUMI_T_3,670113,「お母さ～ん！僕の靴下どこー！！」,581,Uc516416932d3276cabbb06d6c59b26ae
2025/01/10,13:10:20,0,caption,98418,廊下で子供たちと踊る女性,199,U5a9104065a001549bfbaefd1269f6da7
2025/01/10,13:10:20,2,GUMI_AMAE_1000.0,412739,お前ら、絶対に押すなよっ。,3044,U21168e2db4f757ea059aa2e889fbf12f
2025/01/10,13:10:20,1,Neural_Joking_Machine,775056,「あ、ごめん！」「お前の顔が見たい方は、何が言ってるんだろ」,307,U754719c967affd0b686d697632c88105
2025/01/10,13:10:22,0,GUMI_T_3,187059,りんごを食べる時はリンゴと蜂蜜を与えられた。,0,U7ce7b8b073b61a79716f07a09afe03d8
2025/01/10,13:10:22,0,GUMI_AMAE_10000.0,765561,「お前は、何を言ってるんだ？」,0,Ua7f1d6ce4fb2676602d97c1da6e54d19
2025/01/10,13:10:22,0,GUMI_AMAE_1.0,365430,お、お前、おれの手を借りたいのか？,0,Ue375c4d917dcc3289b8eb97d3a1f4c6b
2025/01/10,13:10:23,1,GUMI_AMAE_1000.0,274736,「この辺に黄金の木の板びりついたんだけど、誰か止めてくれる？」,3836,U04c3c675c9e56da782a56e300157aa20
2025/01/10,13:10:24,1,GUMI_AMAE_1000.0,229388,お母さーん！お父さんがお母さん帰って来たよ！,0,U15d5c586ae4db86a623a80c0d73bb41d
2025/01/10,13:10:24,2,human,280300,何で叩いてかぶってジャンケンポンで横から殴るの！？,2571,Ua7ab2c20678445d21f251f19ce625400
2025/01/10,13:10:24,1,GUMI_AMAE_100.0,820226,「あー、この辺に死体埋めちまったよ」,311,U0336d9e2fe906b5c58ed4dea6ce9cb33
2025/01/10,13:10:24,3,GUMI_AMAE_10000.0,117452,俺の名前はバターになっちゃえ！,1,U238ecadb5c6813f7dd43e2d9dc610441
2025/01/10,13:10:24,0,GUMI_AMAE_10000.0,256865,お父さん…,251,U24a6c307debfbd61446491666fa22f92
2025/01/10,13:10:25,1,GUMI_AE,465896,「お前が俺で、俺のボケのセンスには、どんな格好しても全然面白くないな」って、俺って。。,0,Ued8b930eb6ff35a59d27f0297fa81232
2025/01/10,13:10:25,1,GUMI_AMAE_100.0,820226,「あー、この辺に死体埋めちまったよ」,311,U0336d9e2fe906b5c58ed4dea6ce9cb33
2025/01/10,13:10:26,0,caption,145913,月男の白黒図,751,Ue76866fc8639efebf55cbebe23aa4f35
2025/01/10,13:10:26,1,GUMI_AMAE_10.0,670113,え！？この家の子？,581,U5a9104065a001549bfbaefd1269f6da7
2025/01/10,13:10:26,0,GUMI_AMAE_1000.0,551532,「お客様の帽子を被った理由はなんですか？」の質問が聞こえた,175,U19b2616f29aeb147e9653bbcb239a70b
2025/01/10,13:10:27,0,GUMI_AMAE_1000.0,261784,お前の席ねえから,102,U1df7b9de297aad87ad8a7bb3209a7039
2025/01/10,13:10:27,1,GUMI_AMAE_100.0,349940,「お前はもう死んでいる」,191,U04c3c675c9e56da782a56e300157aa20
2025/01/10,13:10:28,1,GUMI_AMAE_10000.0,98418,この辺の犬、俺の家に住んでたんだけど…,199,Uc516416932d3276cabbb06d6c59b26ae
2025/01/10,13:10:28,0,llama,223930,部屋に銃を持ったスーツを着た男。画像に対して一言。,139,U21168e2db4f757ea059aa2e889fbf12f
2025/01/10,13:10:28,2,human,158354,そこまで親しくなくて反応に困る。,3,U7ce7b8b073b61a79716f07a09afe03d8
2025/01/10,13:10:28,0,GUMI_AE,145913,お母さーん！新しいシャンプー買ってきてー！,751,U24a6c307debfbd61446491666fa22f92
2025/01/10,13:10:29,3,human,678875,隠れているリーゼントを探せ！,0,Ua7ab2c20678445d21f251f19ce625400
2025/01/10,13:10:30,3,GUMI_AMAE_100.0,795946,「お前、今日は何曜日だっけ？」「「「「「「「「「「「塾サボってなーい！,256,U238ecadb5c6813f7dd43e2d9dc610441
2025/01/10,13:10:30,0,Neural_Joking_Machine,688883,「この中に犯人がいる���照準つけなければ良い！」,587,U54e424262d33fdb1641848ce9b692fa8
2025/01/10,13:10:30,2,llama,283420,画像がクラッシュした,1,U15d5c586ae4db86a623a80c0d73bb41d
2025/01/10,13:10:30,3,human,747774,ギックリ腰になった時に宅急便が来たので慌てて取りに行く。,2,U5a9104065a001549bfbaefd1269f6da7
2025/01/10,13:10:30,1,human,678875,隠れているリーゼントを探せ！,0,Ua7ab2c20678445d21f251f19ce625400
2025/01/10,13:10:31,3,GUMI_AMAE_10.0,186512,何も無かった,0,U238ecadb5c6813f7dd43e2d9dc610441
2025/01/10,13:10:31,0,caption,433724,ピンク色の髪に青い目を持つ少女。,0,Ua7f1d6ce4fb2676602d97c1da6e54d19
2025/01/10,13:10:32,2,GUMI_AMAE_1.0,227567,怪獣に懐かれてしまったので、もう帰ろうと思っている,0,U04c3c675c9e56da782a56e300157aa20
2025/01/10,13:10:32,2,Neural_Joking_Machine,48991,お前らの募金、待ってるぜ！,1226,U238ecadb5c6813f7dd43e2d9dc610441
2025/01/10,13:10:33,2,llama,8991,「おめぇら、戦争終わったぞ」,0,Ue76866fc8639efebf55cbebe23aa4f35
2025/01/10,13:10:33,2,GUMI_AE,750799,「おい、俺が見えるのか？」,0,U5a9104065a001549bfbaefd1269f6da7
2025/01/10,13:10:34,2,human,755506,ちょっと待って聞いてみる「おい俺の筋肉、いいのかい？いけるのかい？」「お...おい気は確かか？」,302,U3546d8ffef14c24459d7a2078811fe78
2025/01/10,13:10:34,2,caption,373679,ある男が別の男とケンカをしている,0,U238ecadb5c6813f7dd43e2d9dc610441
2025/01/10,13:10:35,2,llama,755506,船の隣に立っている制服の男性のグループ画像に対して一言。,302,U238ecadb5c6813f7dd43e2d9dc610441
2025/01/10,13:10:35,2,llama,854542,男は岩に恋をしている。,122,U54e424262d33fdb1641848ce9b692fa8
2025/01/10,13:10:35,2,human,747774,ギックリ腰になった時に宅急便が来たので慌てて取りに行く。,2,U21168e2db4f757ea059aa2e889fbf12f
2025/01/10,13:10:36,1,GUMI_AMAE_1.0,8991,「お前、見込みアリ。ワシが守ってやるよ。」,0,Ua7ab2c20678445d21f251f19ce625400
2025/01/10,13:10:36,2,GUMI_AMAE_100.0,237875,「私は外にさっと塗ったよ！」,184,U238ecadb5c6813f7dd43e2d9dc610441
2025/01/10,13:10:36,0,Neural_Joking_Machine,337268,紅葉に見た景色,233,Uc516416932d3276cabbb06d6c59b26ae
2025/01/10,13:10:37,1,caption,446327,長い髪と金色の背景を持つ男性,0,U04c3c675c9e56da782a56e300157aa20
2025/01/10,13:10:37,2,GUMI_AE,254794,あ、ごめん、俺が悪かった。,326,Ued8b930eb6ff35a59d27f0297fa81232
2025/01/10,13:10:37,0,GUMI_AMAE_10000.0,795946,お、おい、そこのお前、今から飛ぶからな。お前は、俺を怒らせたな。,256,U24a6c307debfbd61446491666fa22f92
2025/01/10,13:10:38,2,GUMI_AE,662906,「お前が先にゴールしたら、レッドカード出すぞ！！」,3544,U238ecadb5c6813f7dd43e2d9dc610441
2025/01/10,13:10:38,1,GUMI_AMAE_1000.0,570243,私、こういう者です。,0,U5a9104065a001549bfbaefd1269f6da7
2025/01/10,13:10:38,0,GUMI_AMAE_1000.0,405515,この人の瞳に写った自分を見て想像を絶させたい職場です,104,U7ce7b8b073b61a79716f07a09afe03d8
2025/01/10,13:10:38,3,GUMI_AMAE_10000.0,866381,この後、二人が囲み、犠牲となった…,0,U15d5c586ae4db86a623a80c0d73bb41d
2025/01/10,13:10:38,3,llama,854542,男は岩に恋をしている。,122,U54e424262d33fdb1641848ce9b692fa8
2025/01/10,13:10:38,1,human,98010,冷蔵庫に貼りついてる磁石,1,U044b3b48c94435bc4b1c3585a7faf32e
2025/01/10,13:10:39,2,human,237875,花束ありがとう、でもなんで俺が会社辞める流れになってるの？,184,U238ecadb5c6813f7dd43e2d9dc610441
2025/01/10,13:10:39,1,llama,678875,猿が二匹、猿が二匹、サルのような何か。,0,Ua7f1d6ce4fb2676602d97c1da6e54d19
2025/01/10,13:10:39,2,GUMI_T_3,48991,「俺の事、思い付いていてくれ！」「俺達は何も見ていないんだよ」,1226,U754719c967affd0b686d697632c88105
2025/01/10,13:10:39,0,GUMI_AMAE_10000.0,747774,お前ら！この辺にストレッチパワーがっ！！,2,Ua62ac21914381fbed2e016dd1d5d148f
2025/01/10,13:10:39,1,Neural_Joking_Machine,186512,今日から夏休み〜,0,U21168e2db4f757ea059aa2e889fbf12f
2025/01/10,13:10:40,0,Neural_Joking_Machine,800056,「「「「「「「「「おすーシーーー！」」」」」」」」」」」,0,Ua7ab2c20678445d21f251f19ce625400
2025/01/10,13:10:40,2,GUMI_AMAE_1.0,685876,「あ、あの、すいません、トイレ貸してください」「はい、すいません。」,0,U238ecadb5c6813f7dd43e2d9dc610441
2025/01/10,13:10:40,3,llama,854542,男は岩に恋をしている。,122,U54e424262d33fdb1641848ce9b692fa8
2025/01/10,13:10:40,1,GUMI_AMAE_10000.0,672837,この先に進みたければ、魔王を倒していけ。,539,U044b3b48c94435bc4b1c3585a7faf32e
2025/01/10,13:10:40,3,GUMI_AE,465896,この人誰？,757,Ue76866fc8639efebf55cbebe23aa4f35
2025/01/10,13:10:41,3,GUMI_AMAE_1.0,4631,この画像がボケてます,0,U3546d8ffef14c24459d7a2078811fe78
2025/01/10,13:10:42,2,GUMI_T_3,256865,(よし、これで完璧な擬人化してみよう),251,U5a9104065a001549bfbaefd1269f6da7
2025/01/10,13:10:42,0,GUMI_AE,237875,「「「「「「おぎゃぉ！」」」」」」,184,U21168e2db4f757ea059aa2e889fbf12f
2025/01/10,13:10:43,2,GUMI_AMAE_1.0,311022,「これ、どうやって使うの？」,704,U7ce7b8b073b61a79716f07a09afe03d8
2025/01/10,13:10:43,0,GUMI_AE,283420,この中に１人妹がいる！,1,U1df7b9de297aad87ad8a7bb3209a7039
2025/01/10,13:10:43,1,GUMI_AMAE_100.0,404481,「「「「「「「「「「「「「「「「「「「「「「「「「「「「「「,1,U754719c967affd0b686d697632c88105
2025/01/10,13:10:43,3,GUMI_AMAE_10000.0,866381,この後、二人が囲み、犠牲となった…,0,U15d5c586ae4db86a623a80c0d73bb41d
2025/01/10,13:10:43,2,GUMI_AMAE_1000.0,712051,「お前が落としたのはこの斧か？」「あ、間違えました、すいませんでした」,330,U04c3c675c9e56da782a56e300157aa20
2025/01/10,13:10:45,2,GUMI_AMAE_10000.0,228650,お前の母ちゃんで〜べそ！,638,Ua7f1d6ce4fb2676602d97c1da6e54d19
2025/01/10,13:10:45,0,GUMI_AMAE_100.0,465363,「俺、この戦争が終わったら結婚するんだ」と言った結果,0,U24a6c307debfbd61446491666fa22f92
2025/01/10,13:10:45,0,Neural_Joking_Machine,720167,昨日食べた夕飯が思ってたのと違った,0,Ua62ac21914381fbed2e016dd1d5d148f
2025/01/10,13:10:45,0,Neural_Joking_Machine,672837,お前の母ちゃんで～べ～そ～,539,U54e424262d33fdb1641848ce9b692fa8
2025/01/10,13:10:46,0,GUMI_AE,237875,「「「「「「おぎゃぉ！」」」」」」,184,U21168e2db4f757ea059aa2e889fbf12f
2025/01/10,13:10:46,0,GUMI_AMAE_1000.0,688883,この人の職業ですか？この写真をご覧に入れました。,587,Ua7ab2c20678445d21f251f19ce625400
2025/01/10,13:10:47,2,GUMI_T_3,376971,この子が主役の座を奪うとは誰も思うまい,362,U238ecadb5c6813f7dd43e2d9dc610441
2025/01/10,13:10:48,2,GUMI_AMAE_1.0,147211,「おい、誰か塾行く？」「うん、俺、、、、もちょっと。」,0,Ue76866fc8639efebf55cbebe23aa4f35
2025/01/10,13:10:49,2,GUMI_AMAE_1.0,254794,「お前の父ちゃん、昔ワルだったのに、、、」,326,U238ecadb5c6813f7dd43e2d9dc610441
2025/01/10,13:10:49,2,Neural_Joking_Machine,430533,「俺が犯人だって証拠がどこに入ったのか？」と聞かれたので、否定を見計らっている,0,U04c3c675c9e56da782a56e300157aa20
2025/01/10,13:10:50,2,GUMI_AMAE_1000.0,404481,この人痴漢です！,1,U7ce7b8b073b61a79716f07a09afe03d8
2025/01/10,13:10:51,0,GUMI_AMAE_1000.0,421521,「お母さん、あの人は…」（ああ、俺も颯爽とそれば）,1740,U5a9104065a001549bfbaefd1269f6da7
2025/01/10,13:10:52,0,Neural_Joking_Machine,183936,「え、何？何で？俺の髪がヘビみたいに飛ぶの？」,1,U21168e2db4f757ea059aa2e889fbf12f
2025/01/10,13:10:52,1,GUMI_AMAE_1.0,147211,「おい、誰か塾行く？」「うん、俺、、、、もちょっと。」,0,Ue76866fc8639efebf55cbebe23aa4f35
2025/01/10,13:10:52,0,caption,757543,電光石火の前には、アニメの登場人物たちが立っている。,0,Uc516416932d3276cabbb06d6c59b26ae
2025/01/10,13:10:52,1,GUMI_AMAE_100.0,644634,「お前は俺に構わず先に行け！」,183,U15d5c586ae4db86a623a80c0d73bb41d
2025/01/10,13:10:53,0,GUMI_AE,858345,この辺で落としたはずなのに。,0,U1df7b9de297aad87ad8a7bb3209a7039
2025/01/10,13:10:54,1,GUMI_AMAE_100.0,656589,この中にひとり妹がいる！,821,U754719c967affd0b686d697632c88105
2025/01/10,13:10:54,2,Neural_Joking_Machine,764490,「俺の車に当たってない！」,9455,U238ecadb5c6813f7dd43e2d9dc610441
2025/01/10,13:10:54,2,human,225896,俺のツノ触ったのはこの手か？,0,U04c3c675c9e56da782a56e300157aa20
2025/01/10,13:10:54,1,GUMI_AMAE_1000.0,706501,「俺のプリン食べたのお前か？」「いや、俺だ」,0,U24a6c307debfbd61446491666fa22f92
2025/01/10,13:10:54,1,GUMI_AMAE_1.0,352327,「あ、あの・・・・・・・・・・・」「あー、やっぱり、はいはーい、あっ、,5848,U3546d8ffef14c24459d7a2078811fe78
2025/01/10,13:10:55,0,llama,33001,人間と犬の大きさが同じくらいの写真,2,Ua62ac21914381fbed2e016dd1d5d148f
2025/01/10,13:10:55,1,human,430533,べーつる,0,U5a9104065a001549bfbaefd1269f6da7
2025/01/10,13:10:56,1,GUMI_AE,800056,「お前ら俺の頭を見てくれよ。」と言って、つい…,0,Ue375c4d917dcc3289b8eb97d3a1f4c6b
2025/01/10,13:10:56,0,GUMI_T_3,181344,「お前の母ちゃんでーべそ！」,127,U21168e2db4f757ea059aa2e889fbf12f
2025/01/10,13:10:56,2,Neural_Joking_Machine,552246,「私、男だったのね」「…そうか…」,683,U238ecadb5c6813f7dd43e2d9dc610441
2025/01/10,13:10:57,1,GUMI_AMAE_1.0,254794,「お前の父ちゃん、昔ワルだったのに、、、」,326,Uc516416932d3276cabbb06d6c59b26ae
2025/01/10,13:10:57,2,human,221724,崖の上の捕虜,688,U754719c967affd0b686d697632c88105
2025/01/10,13:10:58,0,GUMI_AE,237875,「「「「「「おぎゃぉ！」」」」」」,184,U19b2616f29aeb147e9653bbcb239a70b
2025/01/10,13:10:58,2,caption,310409,男の隣の階段に座っている犬,1,U238ecadb5c6813f7dd43e2d9dc610441
2025/01/10,13:10:58,2,GUMI_AMAE_100.0,791694,この後、スタッフが美味しく頂きました,0,U238ecadb5c6813f7dd43e2d9dc610441
2025/01/10,13:10:58,1,GUMI_AMAE_10000.0,275386,「あ〜ん、そこ！そこ！そこが痒いのよ〜。」,240,U15d5c586ae4db86a623a80c0d73bb41d
2025/01/10,13:10:58,2,caption,310409,男の隣の階段に座っている犬,1,U238ecadb5c6813f7dd43e2d9dc610441
2025/01/10,13:10:59,1,llama,102671,「パンツは履いてないです」,3,U5a9104065a001549bfbaefd1269f6da7
2025/01/10,13:10:59,0,human,194516,誰の弟？と言われたが妹です,0,Ua7ab2c20678445d21f251f19ce625400
2025/01/10,13:10:59,1,GUMI_AMAE_10000.0,275386,「あ〜ん、そこ！そこ！そこが痒いのよ〜。」,240,U15d5c586ae4db86a623a80c0d73bb41d
2025/01/10,13:10:59,0,GUMI_AMAE_1.0,301858,「お父さん、ご飯よー」「お前は俺の物だ。」,184,Ua62ac21914381fbed2e016dd1d5d148f
2025/01/10,13:11:00,0,GUMI_AMAE_1000.0,551532,「お客様の帽子を被った理由はなんですか？」の質問が聞こえた,175,U19b2616f29aeb147e9653bbcb239a70b
2025/01/10,13:11:00,0,GUMI_AMAE_100.0,171773,「この子の命はひても、お前の事を忘れられない」,0,U7ce7b8b073b61a79716f07a09afe03d8
2025/01/10,13:11:00,1,GUMI_T_3,349940,お弁当を開けた直後の様子,191,U1df7b9de297aad87ad8a7bb3209a7039
2025/01/10,13:11:00,2,GUMI_T_3,249199,えっ！この葉っぱ食えないの？,687,U238ecadb5c6813f7dd43e2d9dc610441
2025/01/10,13:11:01,0,llama,640703,男性2人の長髪が絡み合い、もつれ合い、こんがらがっている。,153,U24a6c307debfbd61446491666fa22f92
2025/01/10,13:11:01,0,Neural_Joking_Machine,855362,お前、その服、センスよく笑ってんな。,120,U21168e2db4f757ea059aa2e889fbf12f
2025/01/10,13:11:01,1,GUMI_AMAE_10.0,255449,この後、お父さんがいた,9226,U754719c967affd0b686d697632c88105
2025/01/10,13:11:02,0,GUMI_AMAE_1000.0,866381,「お母さんがお父さんの子供の時にイジメてた訳じゃないんだからね！」,0,U54e424262d33fdb1641848ce9b692fa8
2025/01/10,13:11:02,2,GUMI_AMAE_100.0,311022,「お前、何県だ？」,704,Ue375c4d917dcc3289b8eb97d3a1f4c6b
2025/01/10,13:11:02,2,llama,412739,仏像の石垣で石垣仏,3044,U04c3c675c9e56da782a56e300157aa20
2025/01/10,13:11:02,2,GUMI_AE,614111,「ええ、そうですね。この状態から入れる保険は一切までである」,318,U238ecadb5c6813f7dd43e2d9dc610441
2025/01/10,13:11:03,0,caption,349940,銀のスプーンを身に着けた男性。,191,Ua7ab2c20678445d21f251f19ce625400
2025/01/10,13:11:04,1,GUMI_AMAE_100.0,756092,「この辺が一番乾燥れてるのね。」「えっ、、、」,1,U5a9104065a001549bfbaefd1269f6da7
2025/01/10,13:11:04,3,GUMI_AMAE_1.0,221724,寝起きドッキリ,688,U754719c967affd0b686d697632c88105
2025/01/10,13:11:04,0,GUMI_AMAE_10000.0,117864,俺たち、このまま、彼は、ただ・・・・・,114,U91c1f592fc84fa30fb4f215f3cbe261e
2025/01/10,13:11:04,3,GUMI_AMAE_100.0,229388,「お前の席ねーから！」,0,U886c2535e1cdb98daed257ab3c37d8c8
2025/01/10,13:11:05,2,GUMI_AMAE_1.0,274736,「この先は俺が通さ！！」,3836,U044b3b48c94435bc4b1c3585a7faf32e
2025/01/10,13:11:05,0,GUMI_AMAE_10000.0,7030,お前が落としたのはこの金のハンバーガーかい？それともこの変わりか？,0,Ua7ab2c20678445d21f251f19ce625400
2025/01/10,13:11:06,2,GUMI_AMAE_1.0,446530,お前、俺が見えるのか？,0,U7ce7b8b073b61a79716f07a09afe03d8
2025/01/10,13:11:06,3,GUMI_AMAE_1000.0,228284,「俺のプリン食べたんは」「はぁーー！？」,450,Uc516416932d3276cabbb06d6c59b26ae
2025/01/10,13:11:06,0,caption,557242,カーリーヘアが平面上に横たわっている男性,0,Ua62ac21914381fbed2e016dd1d5d148f
2025/01/10,13:11:06,2,GUMI_T_3,249199,えっ！この葉っぱ食えないの？,687,U21168e2db4f757ea059aa2e889fbf12f
2025/01/10,13:11:07,3,Neural_Joking_Machine,749725,俺が見えるのか？,1,U19b2616f29aeb147e9653bbcb239a70b
2025/01/10,13:11:07,1,GUMI_T_3,719424,「すいません、宗教の入りです。」,366,Ue76866fc8639efebf55cbebe23aa4f35
2025/01/10,13:11:08,2,human,171256,いともたやすく行われるえげつない行為,0,U886c2535e1cdb98daed257ab3c37d8c8
2025/01/10,13:11:09,1,llama,100060,フィールドを走行するたくさんのタイヤ,0,U238ecadb5c6813f7dd43e2d9dc610441
2025/01/10,13:11:09,0,GUMI_AE,552246,「ああああ！！！！殺っちまったぜえええええ!!!!!!!!!」,683,Ua7ab2c20678445d21f251f19ce625400
2025/01/10,13:11:10,2,GUMI_AMAE_10000.0,772666,「お父さん、これ以上近寄ると、ほらこうすると、ほら！」,227,U15d5c586ae4db86a623a80c0d73bb41d
2025/01/10,13:11:11,0,human,430533,べーつる,0,Ue76866fc8639efebf55cbebe23aa4f35
2025/01/10,13:11:11,0,Neural_Joking_Machine,678875,俺は、お前が食ってるんだよ,0,U1df7b9de297aad87ad8a7bb3209a7039
2025/01/10,13:11:11,1,GUMI_T_3,183936,マイクのコードを噛まれた,1,Ua7f1d6ce4fb2676602d97c1da6e54d19
2025/01/10,13:11:11,0,GUMI_AMAE_10.0,757543,何も思い出していない,0,Ua7ab2c20678445d21f251f19ce625400
2025/01/10,13:11:11,1,GUMI_AMAE_100.0,775056,「お前が未来からどんごする！」「いや、それも割引キャン！」,307,Ued8b930eb6ff35a59d27f0297fa81232
2025/01/10,13:11:11,0,GUMI_AMAE_100.0,465896,「お前は、、、、、、、、、、、、、、、、、、、、、、、、、、,0,Ua62ac21914381fbed2e016dd1d5d148f
2025/01/10,13:11:12,0,GUMI_AMAE_10000.0,223930,「私が神だ。」「あ、それ、俺んち」,139,U7ce7b8b073b61a79716f07a09afe03d8
2025/01/10,13:11:13,1,GUMI_AE,795946,俺が寝てる間にここを歩いてほしいんじゃない？,256,U5a9104065a001549bfbaefd1269f6da7
2025/01/10,13:11:13,0,GUMI_AMAE_10000.0,757543,この後、彼は後頭部に激突した,0,U24a6c307debfbd61446491666fa22f92
2025/01/10,13:11:13,3,GUMI_AMAE_10.0,181249,(……………………………………………………………………………,110,Uae84ce741ab1533f93e2f6d843e35a3b
2025/01/10,13:11:14,0,caption,254575,2匹の犬が口を開けて土の中に立っている。,751,U044b3b48c94435bc4b1c3585a7faf32e
2025/01/10,13:11:16,1,human,829595,はい！起立！！,0,U5a9104065a001549bfbaefd1269f6da7
2025/01/10,13:11:17,0,GUMI_T_3,52866,「今日のパレードは、俺だけか」,168,Ua62ac21914381fbed2e016dd1d5d148f
2025/01/10,13:11:17,0,human,275386,会社に遅刻してるけど、一旦現実逃避してみる。,240,U7ce7b8b073b61a79716f07a09afe03d8
2025/01/10,13:11:18,3,GUMI_AMAE_100.0,565543,「あ、ごめん。待った？」,1411,Ued8b930eb6ff35a59d27f0297fa81232
2025/01/10,13:11:18,3,human,373679,お客様だいぶこってますねぇ,0,Ue8aa445bf87f4540f52024a4180e7d1a
2025/01/10,13:11:18,0,llama,187059,画像をよく見たら、リンゴじゃなくてラップトップのキーボードだった。,0,U19b2616f29aeb147e9653bbcb239a70b
2025/01/10,13:11:20,1,GUMI_AE,465896,「お前が俺で、俺のボケのセンスには、どんな格好しても全然面白くないな」って、俺って。。,0,Ued8b930eb6ff35a59d27f0297fa81232
2025/01/10,13:11:20,0,caption,376971,公園でハトに餌をやっている女性,362,U5a9104065a001549bfbaefd1269f6da7
2025/01/10,13:11:21,2,caption,379834,マイクを持ったスーツを着た男性,0,U238ecadb5c6813f7dd43e2d9dc610441
2025/01/10,13:11:21,0,caption,255449,スプーン製のネックレスを身に着けている男性。,9226,Ua62ac21914381fbed2e016dd1d5d148f
2025/01/10,13:11:21,1,Neural_Joking_Machine,718536,この床、地面にめり込んだ水が出てくるはず！！,3162,U15d5c586ae4db86a623a80c0d73bb41d
2025/01/10,13:11:21,2,caption,379834,マイクを持ったスーツを着た男性,0,U238ecadb5c6813f7dd43e2d9dc610441
2025/01/10,13:11:22,1,GUMI_AE,181249,「あ～あ、お前が俺の飼い始めて「お前が鬼の顔を見て元気出せよ」って,110,U754719c967affd0b686d697632c88105
2025/01/10,13:11:22,2,caption,379834,マイクを持ったスーツを着た男性,0,U238ecadb5c6813f7dd43e2d9dc610441
2025/01/10,13:11:22,2,GUMI_AMAE_1.0,373679,「あ～、お前の嫁さん、またつまらぬ物を結んでくれたから未だに使ってるんだけど、もう一度行っ,0,U04c3c675c9e56da782a56e300157aa20
2025/01/10,13:11:22,1,GUMI_AMAE_1.0,404481,「私は外にサッと塗ったよ」,1,Uc516416932d3276cabbb06d6c59b26ae
2025/01/10,13:11:22,2,caption,379834,マイクを持ったスーツを着た男性,0,U238ecadb5c6813f7dd43e2d9dc610441
2025/01/10,13:11:23,0,GUMI_AE,98010,「お前、今、何か書いてあるけど？」,1,U1df7b9de297aad87ad8a7bb3209a7039
2025/01/10,13:11:23,2,caption,379834,マイクを持ったスーツを着た男性,0,U238ecadb5c6813f7dd43e2d9dc610441
2025/01/10,13:11:23,1,GUMI_T_3,465363,「俺は、海賊王なんだ」,0,U5a9104065a001549bfbaefd1269f6da7
2025/01/10,13:11:23,2,caption,379834,マイクを持ったスーツを着た男性,0,U238ecadb5c6813f7dd43e2d9dc610441
2025/01/10,13:11:23,0,Neural_Joking_Machine,720167,昨日食べた夕飯が思ってたのと違った,0,Ue76866fc8639efebf55cbebe23aa4f35
2025/01/10,13:11:24,2,caption,379834,マイクを持ったスーツを着た男性,0,U238ecadb5c6813f7dd43e2d9dc610441
2025/01/10,13:11:24,0,llama,201511,おっさんと抱き合っていると、何だか切なくなる。,2,U7ce7b8b073b61a79716f07a09afe03d8
2025/01/10,13:11:24,2,human,145913,これが胸のポケットに入っていたおかげで助かりましたって言うけどさ、オレは助かってないワケじゃん？分かる？,751,U474aaec0b58f06a1d587c1a4fdd37a2f
2025/01/10,13:11:24,3,GUMI_AMAE_1.0,171773,「あー、もう、かゆいわー。」,0,Ua7ab2c20678445d21f251f19ce625400
2025/01/10,13:11:24,2,GUMI_AMAE_1000.0,90336,お前、俺の子だ！！,1,U238ecadb5c6813f7dd43e2d9dc610441
2025/01/10,13:11:25,2,llama,171256,窓から猫がぶら下がっている画像に対して一言。,0,U238ecadb5c6813f7dd43e2d9dc610441
2025/01/10,13:11:25,2,human,171773,今日も世話になんで（笑）,1218,U754719c967affd0b686d697632c88105
2025/01/10,13:11:25,0,GUMI_AMAE_100.0,755506,「この辺でコンタクト落としたんだー」「いや、俺が先に見つけたんだって」,302,U24a6c307debfbd61446491666fa22f92
2025/01/10,13:11:25,2,Neural_Joking_Machine,820226,え、なに？,311,U238ecadb5c6813f7dd43e2d9dc610441
2025/01/10,13:11:25,2,llama,171256,窓から猫がぶら下がっている画像に対して一言。,0,U238ecadb5c6813f7dd43e2d9dc610441
2025/01/10,13:11:26,0,GUMI_AMAE_1000.0,570243,私、こういう者です。,0,U5a9104065a001549bfbaefd1269f6da7
2025/01/10,13:11:26,1,GUMI_AMAE_1.0,52866,「お前、意外と足細いな」と言われた,168,U04c3c675c9e56da782a56e300157aa20
2025/01/10,13:11:26,2,GUMI_AMAE_100.0,183936,「あ～、お前の席ねーから！！」,1,U15d5c586ae4db86a623a80c0d73bb41d
2025/01/10,13:11:26,2,human,404481,外人2:50,1,U19b2616f29aeb147e9653bbcb239a70b
2025/01/10,13:11:26,0,caption,237875,花束を持つ男性,184,U1df7b9de297aad87ad8a7bb3209a7039
2025/01/10,13:11:27,2,llama,670113,地面に座っているサッカー選手画像に対して一言。,581,U238ecadb5c6813f7dd43e2d9dc610441
2025/01/10,13:11:27,0,caption,255449,スプーン製のネックレスを身に着けている男性。,9226,Ua62ac21914381fbed2e016dd1d5d148f
2025/01/10,13:11:27,0,GUMI_AE,644634,「俺、この戦争が終わったら結婚するんだ・・・」,183,Uc516416932d3276cabbb06d6c59b26ae
2025/01/10,13:11:28,2,GUMI_AE,271978,あ、お前が見てる,657,U238ecadb5c6813f7dd43e2d9dc610441
2025/01/10,13:11:28,0,Neural_Joking_Machine,405515,「この後、スタッフが美味しく頂きました」,104,Ue76866fc8639efebf55cbebe23aa4f35
2025/01/10,13:11:28,2,GUMI_AE,271978,あ、お前が見てる,657,U238ecadb5c6813f7dd43e2d9dc610441
2025/01/10,13:11:29,2,GUMI_AMAE_1000.0,283420,「この人痴漢です」,1,U238ecadb5c6813f7dd43e2d9dc610441
2025/01/10,13:11:29,2,GUMI_AMAE_1000.0,283420,「この人痴漢です」,1,U238ecadb5c6813f7dd43e2d9dc610441
2025/01/10,13:11:30,2,caption,278348,大きなアフロがロッカーに座っている男性,329,U238ecadb5c6813f7dd43e2d9dc610441
2025/01/10,13:11:30,2,caption,278348,大きなアフロがロッカーに座っている男性,329,U238ecadb5c6813f7dd43e2d9dc610441
2025/01/10,13:11:31,1,GUMI_AE,254575,「この人、お前に夢中で有名な占い師だ」「お前もな。」,751,U5a9104065a001549bfbaefd1269f6da7
2025/01/10,13:11:31,0,human,227567,良い砂風呂だったが、２分くらいしか楽しめなかった,0,Ua62ac21914381fbed2e016dd1d5d148f
2025/01/10,13:11:31,2,caption,278348,大きなアフロがロッカーに座っている男性,329,U238ecadb5c6813f7dd43e2d9dc610441
2025/01/10,13:11:31,1,llama,470527,浜辺を歩く二人の女と赤ん坊画像に対して一言。,824,U91c1f592fc84fa30fb4f215f3cbe261e
2025/01/10,13:11:31,3,Neural_Joking_Machine,186512,今日から夏休み〜,0,Ue76866fc8639efebf55cbebe23aa4f35
2025/01/10,13:11:31,2,caption,278348,大きなアフロがロッカーに座っている男性,329,U238ecadb5c6813f7dd43e2d9dc610441
2025/01/10,13:11:31,1,GUMI_AMAE_1000.0,237875,「お前の席ねえからー!!」って言ってるけど、誰もいない…,184,Ue8aa445bf87f4540f52024a4180e7d1a
2025/01/10,13:11:31,2,GUMI_AMAE_10000.0,433724,「私だ」,0,U04c3c675c9e56da782a56e300157aa20
2025/01/10,13:11:31,2,human,256865,去勢される夢を見てうなされている,251,U754719c967affd0b686d697632c88105
2025/01/10,13:11:33,2,GUMI_AMAE_100.0,281343,「お前が俺で、俺がお前で？」,658,Ued8b930eb6ff35a59d27f0297fa81232
2025/01/10,13:11:33,1,GUMI_AMAE_10.0,866381,お前は…………………,0,U19b2616f29aeb147e9653bbcb239a70b
2025/01/10,13:11:34,0,GUMI_AMAE_1000.0,720167,お母さんのお母さんだよ！,0,U24a6c307debfbd61446491666fa22f92
2025/01/10,13:11:34,2,human,187059,実際の製品と異なりすぎてた,0,U886c2535e1cdb98daed257ab3c37d8c8
2025/01/10,13:11:34,0,GUMI_AE,94190,俺は人間を辞めるぞっ！,1,Ua62ac21914381fbed2e016dd1d5d148f
2025/01/10,13:11:35,2,llama,755506,船の隣に立っている制服の男性のグループ画像に対して一言。,302,U238ecadb5c6813f7dd43e2d9dc610441
2025/01/10,13:11:36,0,GUMI_AMAE_10.0,249199,ん？この前の言い方？,687,U474aaec0b58f06a1d587c1a4fdd37a2f
2025/01/10,13:11:36,3,GUMI_AMAE_1.0,171773,「はい、じゃあ次は、お前の番よ」,1218,U238ecadb5c6813f7dd43e2d9dc610441
2025/01/10,13:11:36,3,GUMI_AMAE_100.0,225897,「お前ら、俺を見てろ、俺は、お前は、、、、、」,1,Uc516416932d3276cabbb06d6c59b26ae
2025/01/10,13:11:36,0,GUMI_T_3,215947,お前ら全員、お母さんにも見られた事無いのに…,0,U7ce7b8b073b61a79716f07a09afe03d8
2025/01/10,13:11:36,1,GUMI_AMAE_1.0,8991,「お前、見込みアリ。ワシが守ってやるよ。」,0,Ua7ab2c20678445d21f251f19ce625400
2025/01/10,13:11:36,0,GUMI_AE,271978,あ、お前が見てる,657,Ua62ac21914381fbed2e016dd1d5d148f
2025/01/10,13:11:36,3,llama,662906,手を挙げて太陽の前にいる男画像に、「この男、手首だけだ」,3544,Uae84ce741ab1533f93e2f6d843e35a3b
2025/01/10,13:11:37,1,GUMI_AE,756092,(この人、俺の胸にシリコン入れてるな‥),1,Ue76866fc8639efebf55cbebe23aa4f35
2025/01/10,13:11:37,3,GUMI_AE,772666,「あ～、そこそこ～。気持ちいいわ～。」「ちょっと、待てよ～。」,227,U754719c967affd0b686d697632c88105
2025/01/10,13:11:37,2,GUMI_AMAE_100.0,225897,「お前ら、俺を見てろ、俺は、お前は、、、、、」,1,Uc516416932d3276cabbb06d6c59b26ae
2025/01/10,13:11:37,0,GUMI_AMAE_1000.0,101680,「おい、あの娘の乳首の色は・・」「俺は男だ」,0,U044b3b48c94435bc4b1c3585a7faf32e
2025/01/10,13:11:37,2,human,422007,…さてとどうやって降りようかしら,119,U24a6c307debfbd61446491666fa22f92
2025/01/10,13:11:38,1,GUMI_AMAE_1000.0,7030,「「「「「「「「お控ー！お待ちっ！！」」」」」」」」,0,U15d5c586ae4db86a623a80c0d73bb41d
2025/01/10,13:11:38,0,caption,337268,口を開けたまま通りを走っている男,233,Ua62ac21914381fbed2e016dd1d5d148f
2025/01/10,13:11:39,3,GUMI_AMAE_10000.0,866381,この後、二人が囲み、犠牲となった…,0,U15d5c586ae4db86a623a80c0d73bb41d
2025/01/10,13:11:39,3,llama,117452,白装束姿の男女の絵。画像に対して一言。,1,Uae84ce741ab1533f93e2f6d843e35a3b
2025/01/10,13:11:39,1,llama,552246,長髪にスーツ姿の漫画のキャラクター。画像に対して一言。,683,Ue375c4d917dcc3289b8eb97d3a1f4c6b
2025/01/10,13:11:39,1,GUMI_AMAE_1000.0,861708,お前の顔、この程度か,0,U91c1f592fc84fa30fb4f215f3cbe261e
2025/01/10,13:11:39,2,llama,466966,「この川は流れが早い」,0,U1df7b9de297aad87ad8a7bb3209a7039
2025/01/10,13:11:40,3,GUMI_AMAE_100.0,775056,「お前が未来からどんごする！」「いや、それも割引キャン！」,307,Uae84ce741ab1533f93e2f6d843e35a3b
2025/01/10,13:11:40,1,GUMI_AMAE_1.0,755506,「お前、俺のプリン食べただろ？」「お前の母ちゃんすげぇ！」,302,U5a9104065a001549bfbaefd1269f6da7
2025/01/10,13:11:40,0,GUMI_AMAE_10.0,376971,「…………」,362,U886c2535e1cdb98daed257ab3c37d8c8
2025/01/10,13:11:41,0,GUMI_AE,465363,「あー、なるほどね。このくらいの大きさでシゴくよー」,0,Ua62ac21914381fbed2e016dd1d5d148f
2025/01/10,13:11:41,2,GUMI_AMAE_100.0,156489,「え？これ生放送スーツ？」,0,Ue76866fc8639efebf55cbebe23aa4f35
2025/01/10,13:11:41,3,human,221724,崖の上の捕虜,688,U19b2616f29aeb147e9653bbcb239a70b
2025/01/10,13:11:41,0,GUMI_AMAE_10000.0,670113,あー！！！,581,Uc516416932d3276cabbb06d6c59b26ae
2025/01/10,13:11:43,0,GUMI_AE,237875,「「「「「「おぎゃぉ！」」」」」」,184,U21168e2db4f757ea059aa2e889fbf12f
2025/01/10,13:11:43,2,GUMI_AE,821461,あ〜あ〜。また派手な人が出てきたな〜…,0,U474aaec0b58f06a1d587c1a4fdd37a2f
2025/01/10,13:11:43,2,GUMI_AMAE_10000.0,101680,「おい、お前、俺が見えるのか？」「……」,0,U91c1f592fc84fa30fb4f215f3cbe261e
2025/01/10,13:11:44,0,llama,139230,ゴジラvs怪獣-怪獣vsゴジラ画像に対して一言。,0,Ua62ac21914381fbed2e016dd1d5d148f
2025/01/10,13:11:44,0,caption,261784,雪の中でキツネが遊んでいる,102,U7ce7b8b073b61a79716f07a09afe03d8
2025/01/10,13:11:45,1,GUMI_AMAE_100.0,4631,お前ら、俺に逆らう者は殺れないぞ,0,Ued8b930eb6ff35a59d27f0297fa81232
2025/01/10,13:11:46,2,human,720167,ボス戦前にセーブ中,0,U5a9104065a001549bfbaefd1269f6da7
2025/01/10,13:11:46,0,llama,824228,画像に対して一言。,2,U24a6c307debfbd61446491666fa22f92
2025/01/10,13:11:47,0,GUMI_AMAE_1.0,102671,「お前頭大丈夫？」,3,Ua62ac21914381fbed2e016dd1d5d148f
2025/01/10,13:11:48,0,GUMI_AMAE_1000.0,215947,「俺たち、何かやだ～い！」,111,U886c2535e1cdb98daed257ab3c37d8c8
2025/01/10,13:11:48,0,caption,794780,芝生でタバコを吸っている子供,589,U5a9104065a001549bfbaefd1269f6da7
2025/01/10,13:11:49,2,GUMI_AMAE_10.0,326776,おーい、お母さん！,1228,U474aaec0b58f06a1d587c1a4fdd37a2f
2025/01/10,13:11:49,0,GUMI_AE,557242,お前の母ちゃん、でーべそ♪,0,Uc516416932d3276cabbb06d6c59b26ae
2025/01/10,13:11:49,1,GUMI_T_3,752752,俺が飼い主の元に来た事は、内緒だぞ？,1597,U754719c967affd0b686d697632c88105
2025/01/10,13:11:49,1,GUMI_AMAE_1000.0,688883,この人の職業ですか？この写真をご覧に入れました。,587,U15d5c586ae4db86a623a80c0d73bb41d
2025/01/10,13:11:50,2,Neural_Joking_Machine,827585,「お前、何でウチの庭で飯食ってんだよ。」「・・・・。」,4470,Ue76866fc8639efebf55cbebe23aa4f35
2025/01/10,13:11:50,0,GUMI_AMAE_1000.0,278348,え？これ、私の家の前に住んでいた虫？,329,Ua62ac21914381fbed2e016dd1d5d148f
2025/01/10,13:11:50,1,GUMI_AMAE_10000.0,271978,「おい！お前ら、しっかりしろ！」,657,U91c1f592fc84fa30fb4f215f3cbe261e
2025/01/10,13:11:51,0,GUMI_AMAE_1.0,861708,おじいちゃん、それドロップちゃう。,0,U5a9104065a001549bfbaefd1269f6da7
2025/01/10,13:11:52,0,GUMI_AMAE_10000.0,470527,「俺、こんなところに隠れてるんだ！」,824,Ua62ac21914381fbed2e016dd1d5d148f
2025/01/10,13:11:54,1,human,378524,そろそろ命ー名ーしなきゃな。,113,U886c2535e1cdb98daed257ab3c37d8c8
2025/01/10,13:11:54,0,GUMI_AE,625026,お父さん、お母さん、お母さんあたし。どこで遊んでたの？,0,Uc516416932d3276cabbb06d6c59b26ae
2025/01/10,13:11:54,0,caption,349866,男性が荷物を手渡すと、床にひざまずく女性,2869,U7ce7b8b073b61a79716f07a09afe03d8
2025/01/10,13:11:55,0,caption,749725,森の中のベンチに座っている2人,1,U24a6c307debfbd61446491666fa22f92
2025/01/10,13:11:55,0,GUMI_T_3,194516,この子の将来を楽しみだな,0,U1df7b9de297aad87ad8a7bb3209a7039
2025/01/10,13:11:55,0,GUMI_AMAE_10000.0,755506,「お前の父さんイルカだ！」「いえ、天国は地獄です！！」,302,U754719c967affd0b686d697632c88105
2025/01/10,13:11:55,2,Neural_Joking_Machine,139230,この人痴ｋ・・・,0,U5a9104065a001549bfbaefd1269f6da7
2025/01/10,13:11:55,3,human,187059,実際の製品と異なりすぎてた,0,U474aaec0b58f06a1d587c1a4fdd37a2f
2025/01/10,13:11:55,2,GUMI_AMAE_100.0,201511,「お前の母ちゃんデベソー」,4579,Ue76866fc8639efebf55cbebe23aa4f35
2025/01/10,13:11:56,0,GUMI_T_3,139230,「ああ、ちょっと待って！」『え？あ、お父さん…』,0,Ua62ac21914381fbed2e016dd1d5d148f
2025/01/10,13:11:56,0,llama,274736,雨の中自転車に乗る男画像に対して一言。,3836,U19b2616f29aeb147e9653bbcb239a70b
2025/01/10,13:11:58,0,GUMI_AE,270884,「お母さん、この子ったら、こんなとこで寝てたら風邪ひくわよ」,209,Uc516416932d3276cabbb06d6c59b26ae
2025/01/10,13:11:58,0,caption,187059,リンゴを乗せてラップトップを使っている男性,0,U91c1f592fc84fa30fb4f215f3cbe261e
2025/01/10,13:11:58,1,GUMI_AE,216654,この人が僕をいじめたのは,0,U5a9104065a001549bfbaefd1269f6da7
2025/01/10,13:11:58,2,caption,310409,男の隣の階段に座っている犬,1,U238ecadb5c6813f7dd43e2d9dc610441
2025/01/10,13:11:59,2,GUMI_AMAE_10.0,352327,「…………」,5848,Ue76866fc8639efebf55cbebe23aa4f35
2025/01/10,13:11:59,0,GUMI_T_3,139230,「ああ、ちょっと待って！」『え？あ、お父さん…』,0,Ua62ac21914381fbed2e016dd1d5d148f
2025/01/10,13:11:59,2,caption,643412,滝の端に立つ二人の男,0,U754719c967affd0b686d697632c88105
2025/01/10,13:12:01,2,Neural_Joking_Machine,181249,「あ、これ？俺の内臓だよ」,110,U1df7b9de297aad87ad8a7bb3209a7039
2025/01/10,13:12:01,3,GUMI_AMAE_100.0,706501,「あ～ばよ、とっつぁ～ん」「お、お前が悪いんか～い」,0,U7ce7b8b073b61a79716f07a09afe03d8
2025/01/10,13:12:01,3,GUMI_T_3,822634,理科室から逃げ切れた,1285,U5a9104065a001549bfbaefd1269f6da7
2025/01/10,13:12:02,3,GUMI_AMAE_1.0,465896,お前の席ねぇーから！,757,U24a6c307debfbd61446491666fa22f92
2025/01/10,13:12:02,0,GUMI_T_3,139230,「ああ、ちょっと待って！」『え？あ、お父さん…』,0,Ua62ac21914381fbed2e016dd1d5d148f
2025/01/10,13:12:03,0,Neural_Joking_Machine,829595,お願いします！！！！,235,U754719c967affd0b686d697632c88105
2025/01/10,13:12:03,3,human,712051,その時人類は思い出した,330,Ued8b930eb6ff35a59d27f0297fa81232
2025/01/10,13:12:04,2,GUMI_AMAE_1000.0,565543,「お前の攻撃など見切った。」,1411,U19b2616f29aeb147e9653bbcb239a70b
2025/01/10,13:12:04,1,Neural_Joking_Machine,216654,お客様、レジを通してない商品がありますよね？,0,U5a9104065a001549bfbaefd1269f6da7
2025/01/10,13:12:06,1,GUMI_AMAE_10.0,465363,「おーい、こっちだ！」,0,U886c2535e1cdb98daed257ab3c37d8c8
2025/01/10,13:12:06,1,human,821461,やる気あんの？,0,Uc516416932d3276cabbb06d6c59b26ae
2025/01/10,13:12:06,0,GUMI_AE,378711,お願い。。。,271,Ua62ac21914381fbed2e016dd1d5d148f
2025/01/10,13:12:08,0,GUMI_AMAE_10000.0,117864,俺たち、このまま、彼は、ただ・・・・・,114,U7ce7b8b073b61a79716f07a09afe03d8
2025/01/10,13:12:08,1,llama,237875,「やっと俺に気づいたか」,184,U5a9104065a001549bfbaefd1269f6da7
2025/01/10,13:12:08,2,llama,855362,ソファーに座っている男性は「座って」と言われてるのに立っている。,120,U474aaec0b58f06a1d587c1a4fdd37a2f
2025/01/10,13:12:09,2,GUMI_AMAE_10000.0,642935,「お父さんが、キスの話はするなよ…」「…」,455,Ue76866fc8639efebf55cbebe23aa4f35
2025/01/10,13:12:09,3,GUMI_T_3,552246,寝てる間に眉書き込んだ,683,U19b2616f29aeb147e9653bbcb239a70b
2025/01/10,13:12:10,1,GUMI_AMAE_1.0,719424,「お前ら、俺の目の前でマルボーリングの球を持ってこい」,366,U91c1f592fc84fa30fb4f215f3cbe261e
2025/01/10,13:12:11,1,GUMI_AMAE_100.0,751928,この画像のどこかにエロ線が見えるだろう？,0,U754719c967affd0b686d697632c88105
2025/01/10,13:12:12,0,GUMI_AMAE_100.0,570243,「ちょっと待って！今から透明なポールを盗み取り放題だよ！」,0,U1df7b9de297aad87ad8a7bb3209a7039
2025/01/10,13:12:12,1,GUMI_AMAE_1.0,257992,お父さん、この人が僕のお父さん,0,U5a9104065a001549bfbaefd1269f6da7
2025/01/10,13:12:13,0,GUMI_T_3,210423,「私は中にチューっと注入！」,276,U7ce7b8b073b61a79716f07a09afe03d8
2025/01/10,13:12:15,0,GUMI_AMAE_100.0,570243,「ちょっと待って！今から透明なポールを盗み取り放題だよ！」,0,U1df7b9de297aad87ad8a7bb3209a7039
2025/01/10,13:12:15,2,human,379834,これからヤル気スイッチを探してみたいと思います,0,U5a9104065a001549bfbaefd1269f6da7
2025/01/10,13:12:16,3,human,117864,戦車が駐禁くらってる・・！,114,Ue76866fc8639efebf55cbebe23aa4f35
2025/01/10,13:12:18,3,GUMI_AMAE_10000.0,147969,「お前、今ハゲって言ったの、お前か」,0,U474aaec0b58f06a1d587c1a4fdd37a2f
2025/01/10,13:12:18,3,GUMI_AMAE_100.0,228284,「いいか！俺が言いたいのはクッパパボイパでもねえよデブ！」,450,Uc516416932d3276cabbb06d6c59b26ae
2025/01/10,13:12:18,3,GUMI_AE,822634,「この辺に、パチンコ玉が…」,1285,U7ce7b8b073b61a79716f07a09afe03d8
2025/01/10,13:12:19,1,llama,634136,口を開けた黒いレスラー。,7430,U1df7b9de297aad87ad8a7bb3209a7039
2025/01/10,13:12:20,0,GUMI_AE,378711,お願い。。。,271,Ua62ac21914381fbed2e016dd1d5d148f
2025/01/10,13:12:20,1,GUMI_AE,465896,「お前が俺で、俺のボケのセンスには、どんな格好しても全然面白くないな」って、俺って。。,0,Ued8b930eb6ff35a59d27f0297fa81232
2025/01/10,13:12:20,1,Neural_Joking_Machine,8991,「お前が俺を飼っているんじゃない、お前は何がしたいんだ！！」,0,Ue76866fc8639efebf55cbebe23aa4f35
2025/01/10,13:12:21,0,GUMI_AE,378711,お願い。。。,271,Ua62ac21914381fbed2e016dd1d5d148f
2025/01/10,13:12:22,0,caption,255449,スプーン製のネックレスを身に着けている男性。,9226,Ua62ac21914381fbed2e016dd1d5d148f
2025/01/10,13:12:23,0,human,365430,つべこべ言ってるとキャーン言わせるぞ！,0,U19b2616f29aeb147e9653bbcb239a70b
2025/01/10,13:12:23,2,human,270884,「おかーさーん！こいつまだ生きてるー！」,209,U1df7b9de297aad87ad8a7bb3209a7039
2025/01/10,13:12:23,2,caption,379834,マイクを持ったスーツを着た男性,0,U238ecadb5c6813f7dd43e2d9dc610441
2025/01/10,13:12:24,2,caption,379834,マイクを持ったスーツを着た男性,0,U238ecadb5c6813f7dd43e2d9dc610441
2025/01/10,13:12:25,2,caption,379834,マイクを持ったスーツを着た男性,0,U238ecadb5c6813f7dd43e2d9dc610441
2025/01/10,13:12:26,0,GUMI_AMAE_1.0,90336,「ちょっと待て、お前、今、亀の子か？」,1,Ue76866fc8639efebf55cbebe23aa4f35
2025/01/10,13:12:27,0,GUMI_AMAE_10000.0,139230,俺の家、屋根裏に置いてきちゃったよ,0,Ua62ac21914381fbed2e016dd1d5d148f
2025/01/10,13:12:27,2,Neural_Joking_Machine,820226,え、なに？,311,U238ecadb5c6813f7dd43e2d9dc610441
2025/01/10,13:12:28,2,llama,670113,地面に座っているサッカー選手画像に対して一言。,581,U238ecadb5c6813f7dd43e2d9dc610441
2025/01/10,13:12:29,0,GUMI_T_3,405515,「ワシが見えるのか？！わしの左の歯は！？」,104,Ua62ac21914381fbed2e016dd1d5d148f
2025/01/10,13:12:29,2,GUMI_AE,271978,あ、お前が見てる,657,U238ecadb5c6813f7dd43e2d9dc610441
2025/01/10,13:12:30,2,GUMI_AE,271978,あ、お前が見てる,657,U238ecadb5c6813f7dd43e2d9dc610441
2025/01/10,13:12:31,0,caption,223930,部屋に銃を持ったスーツを着た男。,139,Ua62ac21914381fbed2e016dd1d5d148f
2025/01/10,13:12:31,2,GUMI_AMAE_1000.0,283420,「この人痴漢です」,1,U238ecadb5c6813f7dd43e2d9dc610441
2025/01/10,13:12:32,2,caption,278348,大きなアフロがロッカーに座っている男性,329,U238ecadb5c6813f7dd43e2d9dc610441
2025/01/10,13:12:32,2,GUMI_AMAE_10000.0,352327,お前、今日の獲物は俺のカレーだな,5848,U1df7b9de297aad87ad8a7bb3209a7039
2025/01/10,13:12:33,2,llama,194516,女と子供付きの散歩をする少年が、一番好き,0,Ued8b930eb6ff35a59d27f0297fa81232
2025/01/10,13:12:35,2,GUMI_AMAE_10.0,101505,何も見えない,246,U19b2616f29aeb147e9653bbcb239a70b
2025/01/10,13:12:35,1,GUMI_AMAE_1.0,281371,「お前の秘密ばらすぞえたい」,280,Ue76866fc8639efebf55cbebe23aa4f35
2025/01/10,13:12:36,0,caption,223930,部屋に銃を持ったスーツを着た男。,139,Ua62ac21914381fbed2e016dd1d5d148f
2025/01/10,13:12:37,1,GUMI_AMAE_1.0,8991,「お前、見込みアリ。ワシが守ってやるよ。」,0,Ua7ab2c20678445d21f251f19ce625400
2025/01/10,13:12:38,0,GUMI_AMAE_1000.0,829595,ああ…間違いない使徒だ,0,U1df7b9de297aad87ad8a7bb3209a7039
2025/01/10,13:12:39,3,GUMI_AMAE_10000.0,866381,この後、二人が囲み、犠牲となった…,0,U15d5c586ae4db86a623a80c0d73bb41d
2025/01/10,13:12:40,0,GUMI_AMAE_10.0,643412,「あ、目ぇ…目ぇ…」,0,U19b2616f29aeb147e9653bbcb239a70b
2025/01/10,13:12:40,1,GUMI_AMAE_1.0,755506,「お前、俺のプリン食べただろ？」「お前の母ちゃんすげぇ！」,302,U5a9104065a001549bfbaefd1269f6da7
2025/01/10,13:12:41,0,GUMI_AMAE_10.0,412739,…………………………,3044,Ue76866fc8639efebf55cbebe23aa4f35
2025/01/10,13:12:43,0,GUMI_AMAE_100.0,281371,「お前の好き勝手にボケてる暇あったら、その手はどうならないのか」,280,Ua62ac21914381fbed2e016dd1d5d148f
2025/01/10,13:12:43,0,GUMI_AE,237875,「「「「「「おぎゃぉ！」」」」」」,184,U21168e2db4f757ea059aa2e889fbf12f
2025/01/10,13:12:44,0,llama,672837,ニンジンを食べるバニーの衣装を着た少女画像に対して一言。,539,U1df7b9de297aad87ad8a7bb3209a7039
2025/01/10,13:12:46,0,human,829595,いやしが隙間からこんにちは,235,Ua62ac21914381fbed2e016dd1d5d148f
2025/01/10,13:12:46,2,human,706501,頭叩いたら何か出てきて、もう笑うしかない,0,U19b2616f29aeb147e9653bbcb239a70b
2025/01/10,13:12:50,2,GUMI_AMAE_100.0,820226,「あー、この辺に死体埋めちまったよ」,311,U1df7b9de297aad87ad8a7bb3209a7039
2025/01/10,13:12:50,0,llama,210423,あなたは廊下を歩く人々画像に対して一言。,276,Ua62ac21914381fbed2e016dd1d5d148f
2025/01/10,13:12:51,0,llama,117864,眼鏡と銃を持った兵士画像に対して一言。,114,Ued8b930eb6ff35a59d27f0297fa81232
2025/01/10,13:12:53,1,Neural_Joking_Machine,194516,この子は私が育てる。,0,U19b2616f29aeb147e9653bbcb239a70b
2025/01/10,13:12:55,2,human,187059,実際の製品と異なりすぎてた,0,U1df7b9de297aad87ad8a7bb3209a7039
2025/01/10,13:12:56,0,GUMI_T_3,139230,「ああ、ちょっと待って！」『え？あ、お父さん…』,0,Ua62ac21914381fbed2e016dd1d5d148f
2025/01/10,13:12:57,0,GUMI_AMAE_100.0,183936,「あ～、お前の席ねーから！！」,1,Ua62ac21914381fbed2e016dd1d5d148f
2025/01/10,13:12:59,0,GUMI_AE,270884,「お母さん、この子ったら、こんなとこで寝てたら風邪ひくわよ」,209,Uc516416932d3276cabbb06d6c59b26ae
2025/01/10,13:12:59,2,caption,310409,男の隣の階段に座っている犬,1,U238ecadb5c6813f7dd43e2d9dc610441
2025/01/10,13:13:00,3,human,383653,修羅場ニアファミリー,751,Ued8b930eb6ff35a59d27f0297fa81232
2025/01/10,13:13:00,0,GUMI_AE,662906,「お前が先にゴールしたら、レッドカード出すぞ！！」,3544,U19b2616f29aeb147e9653bbcb239a70b
2025/01/10,13:13:03,2,GUMI_AMAE_1.0,809375,俺は人間をやめるぞ！ジョジョーッ！！！,205,U1df7b9de297aad87ad8a7bb3209a7039
2025/01/10,13:13:04,0,Neural_Joking_Machine,820226,え、なに？,311,Ua62ac21914381fbed2e016dd1d5d148f
2025/01/10,13:13:09,0,human,278348,悩みですか？…ん〜悩みと言えば前しか見えない事ですかね,329,Ua62ac21914381fbed2e016dd1d5d148f
2025/01/10,13:13:11,0,caption,764490,高速道路を走行するパトカー,9455,U1df7b9de297aad87ad8a7bb3209a7039
2025/01/10,13:13:12,0,GUMI_AMAE_100.0,570243,「ちょっと待って！今から透明なポールを盗み取り放題だよ！」,0,U1df7b9de297aad87ad8a7bb3209a7039
2025/01/10,13:13:21,1,GUMI_AE,465896,「お前が俺で、俺のボケのセンスには、どんな格好しても全然面白くないな」って、俺って。。,0,Ued8b930eb6ff35a59d27f0297fa81232
2025/01/10,13:13:22,0,caption,255449,スプーン製のネックレスを身に着けている男性。,9226,Ua62ac21914381fbed2e016dd1d5d148f
2025/01/10,13:13:24,2,caption,379834,マイクを持ったスーツを着た男性,0,U238ecadb5c6813f7dd43e2d9dc610441
2025/01/10,13:13:25,2,caption,379834,マイクを持ったスーツを着た男性,0,U238ecadb5c6813f7dd43e2d9dc610441
2025/01/10,13:13:25,2,caption,379834,マイクを持ったスーツを着た男性,0,U238ecadb5c6813f7dd43e2d9dc610441
2025/01/10,13:13:26,2,caption,379834,マイクを持ったスーツを着た男性,0,U238ecadb5c6813f7dd43e2d9dc610441
2025/01/10,13:13:27,2,caption,379834,マイクを持ったスーツを着た男性,0,U238ecadb5c6813f7dd43e2d9dc610441
2025/01/10,13:13:28,2,Neural_Joking_Machine,820226,え、なに？,311,U238ecadb5c6813f7dd43e2d9dc610441
2025/01/10,13:13:29,2,llama,670113,地面に座っているサッカー選手画像に対して一言。,581,U238ecadb5c6813f7dd43e2d9dc610441
2025/01/10,13:13:30,2,GUMI_AE,271978,あ、お前が見てる,657,U238ecadb5c6813f7dd43e2d9dc610441
2025/01/10,13:13:30,2,GUMI_AE,271978,あ、お前が見てる,657,U238ecadb5c6813f7dd43e2d9dc610441
2025/01/10,13:13:32,2,GUMI_AMAE_1000.0,283420,「この人痴漢です」,1,U238ecadb5c6813f7dd43e2d9dc610441
2025/01/10,13:13:32,2,caption,278348,大きなアフロがロッカーに座っている男性,329,U238ecadb5c6813f7dd43e2d9dc610441
2025/01/10,13:13:37,1,GUMI_AMAE_1.0,8991,「お前、見込みアリ。ワシが守ってやるよ。」,0,Ua7ab2c20678445d21f251f19ce625400
2025/01/10,13:13:40,3,GUMI_AMAE_10000.0,866381,この後、二人が囲み、犠牲となった…,0,U15d5c586ae4db86a623a80c0d73bb41d
2025/01/10,13:13:44,0,GUMI_AE,237875,「「「「「「おぎゃぉ！」」」」」」,184,U21168e2db4f757ea059aa2e889fbf12f
2025/01/10,13:13:57,0,GUMI_T_3,139230,「ああ、ちょっと待って！」『え？あ、お父さん…』,0,Ua62ac21914381fbed2e016dd1d5d148f
2025/01/10,13:13:58,2,GUMI_AMAE_1000.0,470527,「お、お父さん…？」,824,U81871d2aa3a80ab44110271b3fe58509
2025/01/10,13:13:59,0,GUMI_AE,270884,「お母さん、この子ったら、こんなとこで寝てたら風邪ひくわよ」,209,Uc516416932d3276cabbb06d6c59b26ae
2025/01/10,13:14:00,2,caption,310409,男の隣の階段に座っている犬,1,U238ecadb5c6813f7dd43e2d9dc610441
2025/01/10,13:14:01,0,Neural_Joking_Machine,688883,「この中に犯人がいる���照準つけなければ良い！」,587,U81871d2aa3a80ab44110271b3fe58509
2025/01/10,13:14:13,0,GUMI_AMAE_100.0,570243,「ちょっと待って！今から透明なポールを盗み取り放題だよ！」,0,U1df7b9de297aad87ad8a7bb3209a7039
2025/01/10,13:14:21,1,GUMI_AE,465896,「お前が俺で、俺のボケのセンスには、どんな格好しても全然面白くないな」って、俺って。。,0,Ued8b930eb6ff35a59d27f0297fa81232
2025/01/10,13:14:23,0,caption,255449,スプーン製のネックレスを身に着けている男性。,9226,Ua62ac21914381fbed2e016dd1d5d148f
2025/01/10,13:14:25,2,caption,379834,マイクを持ったスーツを着た男性,0,U238ecadb5c6813f7dd43e2d9dc610441
2025/01/10,13:14:25,2,caption,379834,マイクを持ったスーツを着た男性,0,U238ecadb5c6813f7dd43e2d9dc610441
2025/01/10,13:14:26,2,caption,379834,マイクを持ったスーツを着た男性,0,U238ecadb5c6813f7dd43e2d9dc610441
2025/01/10,13:14:27,2,caption,379834,マイクを持ったスーツを着た男性,0,U238ecadb5c6813f7dd43e2d9dc610441
2025/01/10,13:14:27,2,caption,379834,マイクを持ったスーツを着た男性,0,U238ecadb5c6813f7dd43e2d9dc610441
2025/01/10,13:14:29,2,Neural_Joking_Machine,820226,え、なに？,311,U238ecadb5c6813f7dd43e2d9dc610441
2025/01/10,13:14:29,2,llama,670113,地面に座っているサッカー選手画像に対して一言。,581,U238ecadb5c6813f7dd43e2d9dc610441
2025/01/10,13:14:30,2,GUMI_AE,271978,あ、お前が見てる,657,U238ecadb5c6813f7dd43e2d9dc610441
2025/01/10,13:14:31,2,GUMI_AE,271978,あ、お前が見てる,657,U238ecadb5c6813f7dd43e2d9dc610441
2025/01/10,13:14:31,2,GUMI_AMAE_1000.0,283420,「この人痴漢です」,1,U238ecadb5c6813f7dd43e2d9dc610441
2025/01/10,13:14:32,2,GUMI_AMAE_1000.0,283420,「この人痴漢です」,1,U238ecadb5c6813f7dd43e2d9dc610441
2025/01/10,13:14:33,2,caption,278348,大きなアフロがロッカーに座っている男性,329,U238ecadb5c6813f7dd43e2d9dc610441
2025/01/10,13:14:38,1,GUMI_AMAE_1.0,8991,「お前、見込みアリ。ワシが守ってやるよ。」,0,Ua7ab2c20678445d21f251f19ce625400
2025/01/10,13:14:40,3,GUMI_AMAE_10000.0,866381,この後、二人が囲み、犠牲となった…,0,U15d5c586ae4db86a623a80c0d73bb41d
2025/01/10,13:14:44,0,GUMI_AE,237875,「「「「「「おぎゃぉ！」」」」」」,184,U21168e2db4f757ea059aa2e889fbf12f
2025/01/10,13:14:57,0,GUMI_T_3,139230,「ああ、ちょっと待って！」『え？あ、お父さん…』,0,Ua62ac21914381fbed2e016dd1d5d148f
2025/01/10,13:15:00,0,GUMI_AE,270884,「お母さん、この子ったら、こんなとこで寝てたら風邪ひくわよ」,209,Uc516416932d3276cabbb06d6c59b26ae
2025/01/10,13:15:00,2,caption,310409,男の隣の階段に座っている犬,1,U238ecadb5c6813f7dd43e2d9dc610441
2025/01/10,13:15:13,0,GUMI_AMAE_100.0,570243,「ちょっと待って！今から透明なポールを盗み取り放題だよ！」,0,U1df7b9de297aad87ad8a7bb3209a7039
2025/01/10,13:15:22,1,GUMI_AE,465896,「お前が俺で、俺のボケのセンスには、どんな格好しても全然面白くないな」って、俺って。。,0,Ued8b930eb6ff35a59d27f0297fa81232
2025/01/10,13:15:23,0,caption,255449,スプーン製のネックレスを身に着けている男性。,9226,Ua62ac21914381fbed2e016dd1d5d148f
2025/01/10,13:15:25,2,caption,379834,マイクを持ったスーツを着た男性,0,U238ecadb5c6813f7dd43e2d9dc610441
2025/01/10,13:15:26,2,caption,379834,マイクを持ったスーツを着た男性,0,U238ecadb5c6813f7dd43e2d9dc610441
2025/01/10,13:15:26,2,caption,379834,マイクを持ったスーツを着た男性,0,U238ecadb5c6813f7dd43e2d9dc610441
2025/01/10,13:15:27,2,caption,379834,マイクを持ったスーツを着た男性,0,U238ecadb5c6813f7dd43e2d9dc610441
2025/01/10,13:15:28,2,caption,379834,マイクを持ったスーツを着た男性,0,U238ecadb5c6813f7dd43e2d9dc610441
2025/01/10,13:15:29,2,Neural_Joking_Machine,820226,え、なに？,311,U238ecadb5c6813f7dd43e2d9dc610441
2025/01/10,13:15:30,2,llama,670113,地面に座っているサッカー選手画像に対して一言。,581,U238ecadb5c6813f7dd43e2d9dc610441
2025/01/10,13:15:30,2,llama,670113,地面に座っているサッカー選手画像に対して一言。,581,U238ecadb5c6813f7dd43e2d9dc610441
2025/01/10,13:15:31,2,llama,670113,地面に座っているサッカー選手画像に対して一言。,581,U238ecadb5c6813f7dd43e2d9dc610441
2025/01/10,13:15:32,2,caption,412739,仏頭が多数並ぶ石垣,3044,U238ecadb5c6813f7dd43e2d9dc610441
2025/01/10,13:15:32,2,GUMI_AMAE_1000.0,255449,「俺、海賊王になる」とか言われた,9226,U238ecadb5c6813f7dd43e2d9dc610441
2025/01/10,13:15:33,2,GUMI_AE,271978,あ、お前が見てる,657,U238ecadb5c6813f7dd43e2d9dc610441
2025/01/10,13:15:33,2,GUMI_AMAE_1000.0,48991,お、おい、俺のボケに星を押してやろうか！！,1226,U238ecadb5c6813f7dd43e2d9dc610441
2025/01/10,13:15:33,2,GUMI_AMAE_1000.0,283420,「この人痴漢です」,1,U238ecadb5c6813f7dd43e2d9dc610441
2025/01/10,13:15:34,2,caption,278348,大きなアフロがロッカーに座っている男性,329,U238ecadb5c6813f7dd43e2d9dc610441
2025/01/10,13:15:39,1,GUMI_AMAE_1.0,8991,「お前、見込みアリ。ワシが守ってやるよ。」,0,Ua7ab2c20678445d21f251f19ce625400
2025/01/10,13:15:41,3,GUMI_AMAE_10000.0,866381,この後、二人が囲み、犠牲となった…,0,U15d5c586ae4db86a623a80c0d73bb41d
2025/01/10,13:15:45,0,GUMI_AE,237875,「「「「「「おぎゃぉ！」」」」」」,184,U21168e2db4f757ea059aa2e889fbf12f
2025/01/10,13:15:58,0,GUMI_T_3,139230,「ああ、ちょっと待って！」『え？あ、お父さん…』,0,Ua62ac21914381fbed2e016dd1d5d148f
2025/01/10,13:16:00,0,GUMI_AE,270884,「お母さん、この子ったら、こんなとこで寝てたら風邪ひくわよ」,209,Uc516416932d3276cabbb06d6c59b26ae
2025/01/10,13:16:01,2,caption,310409,男の隣の階段に座っている犬,1,U238ecadb5c6813f7dd43e2d9dc610441
2025/01/10,13:16:14,0,GUMI_AMAE_100.0,570243,「ちょっと待って！今から透明なポールを盗み取り放題だよ！」,0,U1df7b9de297aad87ad8a7bb3209a7039
2025/01/10,13:16:23,1,GUMI_AE,465896,「お前が俺で、俺のボケのセンスには、どんな格好しても全然面白くないな」って、俺って。。,0,Ued8b930eb6ff35a59d27f0297fa81232
2025/01/10,13:16:24,0,caption,255449,スプーン製のネックレスを身に着けている男性。,9226,Ua62ac21914381fbed2e016dd1d5d148f
2025/01/10,13:16:26,2,caption,379834,マイクを持ったスーツを着た男性,0,U238ecadb5c6813f7dd43e2d9dc610441
2025/01/10,13:16:26,2,caption,379834,マイクを持ったスーツを着た男性,0,U238ecadb5c6813f7dd43e2d9dc610441
2025/01/10,13:16:27,2,caption,379834,マイクを持ったスーツを着た男性,0,U238ecadb5c6813f7dd43e2d9dc610441
2025/01/10,13:16:28,2,caption,379834,マイクを持ったスーツを着た男性,0,U238ecadb5c6813f7dd43e2d9dc610441
2025/01/10,13:16:28,2,caption,379834,マイクを持ったスーツを着た男性,0,U238ecadb5c6813f7dd43e2d9dc610441
2025/01/10,13:16:29,2,GUMI_AMAE_1000.0,90336,お前、俺の子だ！！,1,U238ecadb5c6813f7dd43e2d9dc610441
2025/01/10,13:16:30,2,Neural_Joking_Machine,820226,え、なに？,311,U238ecadb5c6813f7dd43e2d9dc610441
2025/01/10,13:16:30,2,llama,670113,地面に座っているサッカー選手画像に対して一言。,581,U238ecadb5c6813f7dd43e2d9dc610441
2025/01/10,13:16:32,2,llama,670113,地面に座っているサッカー選手画像に対して一言。,581,U238ecadb5c6813f7dd43e2d9dc610441
2025/01/10,13:16:33,2,llama,670113,地面に座っているサッカー選手画像に対して一言。,581,U238ecadb5c6813f7dd43e2d9dc610441
2025/01/10,13:16:34,2,GUMI_AMAE_1000.0,283420,「この人痴漢です」,1,U238ecadb5c6813f7dd43e2d9dc610441
2025/01/10,13:16:34,2,caption,278348,大きなアフロがロッカーに座っている男性,329,U238ecadb5c6813f7dd43e2d9dc610441
2025/01/10,13:16:39,1,GUMI_AMAE_1.0,8991,「お前、見込みアリ。ワシが守ってやるよ。」,0,Ua7ab2c20678445d21f251f19ce625400
2025/01/10,13:16:41,3,GUMI_AMAE_10000.0,866381,この後、二人が囲み、犠牲となった…,0,U15d5c586ae4db86a623a80c0d73bb41d
2025/01/10,13:16:46,0,GUMI_AE,237875,「「「「「「おぎゃぉ！」」」」」」,184,U21168e2db4f757ea059aa2e889fbf12f
2025/01/10,13:16:59,0,GUMI_T_3,139230,「ああ、ちょっと待って！」『え？あ、お父さん…』,0,Ua62ac21914381fbed2e016dd1d5d148f
2025/01/10,13:17:01,0,GUMI_AE,270884,「お母さん、この子ったら、こんなとこで寝てたら風邪ひくわよ」,209,Uc516416932d3276cabbb06d6c59b26ae
2025/01/10,13:17:01,2,caption,310409,男の隣の階段に座っている犬,1,U238ecadb5c6813f7dd43e2d9dc610441
2025/01/10,13:17:14,0,GUMI_AMAE_100.0,570243,「ちょっと待って！今から透明なポールを盗み取り放題だよ！」,0,U1df7b9de297aad87ad8a7bb3209a7039
2025/01/10,13:17:23,1,GUMI_AE,465896,「お前が俺で、俺のボケのセンスには、どんな格好しても全然面白くないな」って、俺って。。,0,Ued8b930eb6ff35a59d27f0297fa81232
2025/01/10,13:17:24,0,caption,255449,スプーン製のネックレスを身に着けている男性。,9226,Ua62ac21914381fbed2e016dd1d5d148f
2025/01/10,13:17:26,2,caption,379834,マイクを持ったスーツを着た男性,0,U238ecadb5c6813f7dd43e2d9dc610441
2025/01/10,13:17:27,2,caption,379834,マイクを持ったスーツを着た男性,0,U238ecadb5c6813f7dd43e2d9dc610441
2025/01/10,13:17:27,2,caption,379834,マイクを持ったスーツを着た男性,0,U238ecadb5c6813f7dd43e2d9dc610441
2025/01/10,13:17:28,2,caption,379834,マイクを持ったスーツを着た男性,0,U238ecadb5c6813f7dd43e2d9dc610441
2025/01/10,13:17:28,2,caption,379834,マイクを持ったスーツを着た男性,0,U238ecadb5c6813f7dd43e2d9dc610441
2025/01/10,13:17:29,2,caption,379834,マイクを持ったスーツを着た男性,0,U238ecadb5c6813f7dd43e2d9dc610441
2025/01/10,13:17:30,2,GUMI_AMAE_1000.0,90336,お前、俺の子だ！！,1,U238ecadb5c6813f7dd43e2d9dc610441
2025/01/10,13:17:30,2,llama,171256,窓から猫がぶら下がっている画像に対して一言。,0,U238ecadb5c6813f7dd43e2d9dc610441
2025/01/10,13:17:32,2,Neural_Joking_Machine,820226,え、なに？,311,U238ecadb5c6813f7dd43e2d9dc610441
2025/01/10,13:17:33,2,llama,670113,地面に座っているサッカー選手画像に対して一言。,581,U238ecadb5c6813f7dd43e2d9dc610441
2025/01/10,13:17:34,2,llama,670113,地面に座っているサッカー選手画像に対して一言。,581,U238ecadb5c6813f7dd43e2d9dc610441
2025/01/10,13:17:34,2,GUMI_AMAE_1000.0,48991,お、おい、俺のボケに星を押してやろうか！！,1226,U238ecadb5c6813f7dd43e2d9dc610441
2025/01/10,13:17:35,2,GUMI_AMAE_1000.0,283420,「この人痴漢です」,1,U238ecadb5c6813f7dd43e2d9dc610441
2025/01/10,13:17:40,1,GUMI_AMAE_1.0,8991,「お前、見込みアリ。ワシが守ってやるよ。」,0,Ua7ab2c20678445d21f251f19ce625400
2025/01/10,13:17:42,3,GUMI_AMAE_10000.0,866381,この後、二人が囲み、犠牲となった…,0,U15d5c586ae4db86a623a80c0d73bb41d
2025/01/10,13:17:46,0,GUMI_AE,237875,「「「「「「おぎゃぉ！」」」」」」,184,U21168e2db4f757ea059aa2e889fbf12f
2025/01/10,13:17:59,0,GUMI_T_3,139230,「ああ、ちょっと待って！」『え？あ、お父さん…』,0,Ua62ac21914381fbed2e016dd1d5d148f
2025/01/10,13:18:02,0,GUMI_AE,270884,「お母さん、この子ったら、こんなとこで寝てたら風邪ひくわよ」,209,Uc516416932d3276cabbb06d6c59b26ae
2025/01/10,13:18:02,2,caption,310409,男の隣の階段に座っている犬,1,U238ecadb5c6813f7dd43e2d9dc610441
2025/01/10,13:18:15,0,GUMI_AMAE_100.0,570243,「ちょっと待って！今から透明なポールを盗み取り放題だよ！」,0,U1df7b9de297aad87ad8a7bb3209a7039
2025/01/10,13:18:24,1,GUMI_AE,465896,「お前が俺で、俺のボケのセンスには、どんな格好しても全然面白くないな」って、俺って。。,0,Ued8b930eb6ff35a59d27f0297fa81232
2025/01/10,13:18:25,0,caption,255449,スプーン製のネックレスを身に着けている男性。,9226,Ua62ac21914381fbed2e016dd1d5d148f
2025/01/10,13:18:27,2,caption,379834,マイクを持ったスーツを着た男性,0,U238ecadb5c6813f7dd43e2d9dc610441
2025/01/10,13:18:27,2,caption,379834,マイクを持ったスーツを着た男性,0,U238ecadb5c6813f7dd43e2d9dc610441
2025/01/10,13:18:28,2,caption,379834,マイクを持ったスーツを着た男性,0,U238ecadb5c6813f7dd43e2d9dc610441
2025/01/10,13:18:28,2,caption,379834,マイクを持ったスーツを着た男性,0,U238ecadb5c6813f7dd43e2d9dc610441
2025/01/10,13:18:29,2,caption,379834,マイクを持ったスーツを着た男性,0,U238ecadb5c6813f7dd43e2d9dc610441
2025/01/10,13:18:29,2,caption,379834,マイクを持ったスーツを着た男性,0,U238ecadb5c6813f7dd43e2d9dc610441
2025/01/10,13:18:30,2,GUMI_AMAE_1000.0,90336,お前、俺の子だ！！,1,U238ecadb5c6813f7dd43e2d9dc610441
2025/01/10,13:18:32,2,llama,171256,窓から猫がぶら下がっている画像に対して一言。,0,U238ecadb5c6813f7dd43e2d9dc610441
2025/01/10,13:18:32,2,Neural_Joking_Machine,820226,え、なに？,311,U238ecadb5c6813f7dd43e2d9dc610441
2025/01/10,13:18:34,2,llama,670113,地面に座っているサッカー選手画像に対して一言。,581,U238ecadb5c6813f7dd43e2d9dc610441
2025/01/10,13:18:34,2,llama,670113,地面に座っているサッカー選手画像に対して一言。,581,U238ecadb5c6813f7dd43e2d9dc610441
2025/01/10,13:18:35,2,caption,412739,仏頭が多数並ぶ石垣,3044,U238ecadb5c6813f7dd43e2d9dc610441
2025/01/10,13:18:35,2,GUMI_AMAE_1000.0,48991,お、おい、俺のボケに星を押してやろうか！！,1226,U238ecadb5c6813f7dd43e2d9dc610441
2025/01/10,13:18:41,1,GUMI_AMAE_1.0,8991,「お前、見込みアリ。ワシが守ってやるよ。」,0,Ua7ab2c20678445d21f251f19ce625400
2025/01/10,13:18:42,3,GUMI_AMAE_10000.0,866381,この後、二人が囲み、犠牲となった…,0,U15d5c586ae4db86a623a80c0d73bb41d
2025/01/10,13:18:47,0,GUMI_AE,237875,「「「「「「おぎゃぉ！」」」」」」,184,U21168e2db4f757ea059aa2e889fbf12f
2025/01/10,13:19:00,0,GUMI_T_3,139230,「ああ、ちょっと待って！」『え？あ、お父さん…』,0,Ua62ac21914381fbed2e016dd1d5d148f
2025/01/10,13:19:02,0,GUMI_AE,270884,「お母さん、この子ったら、こんなとこで寝てたら風邪ひくわよ」,209,Uc516416932d3276cabbb06d6c59b26ae
2025/01/10,13:19:03,2,caption,310409,男の隣の階段に座っている犬,1,U238ecadb5c6813f7dd43e2d9dc610441
2025/01/10,13:19:16,0,GUMI_AMAE_100.0,570243,「ちょっと待って！今から透明なポールを盗み取り放題だよ！」,0,U1df7b9de297aad87ad8a7bb3209a7039
2025/01/10,13:19:25,1,GUMI_AE,465896,「お前が俺で、俺のボケのセンスには、どんな格好しても全然面白くないな」って、俺って。。,0,Ued8b930eb6ff35a59d27f0297fa81232
2025/01/10,13:19:25,0,caption,255449,スプーン製のネックレスを身に着けている男性。,9226,Ua62ac21914381fbed2e016dd1d5d148f
2025/01/10,13:19:27,2,caption,379834,マイクを持ったスーツを着た男性,0,U238ecadb5c6813f7dd43e2d9dc610441
2025/01/10,13:19:28,2,caption,379834,マイクを持ったスーツを着た男性,0,U238ecadb5c6813f7dd43e2d9dc610441
2025/01/10,13:19:28,2,caption,379834,マイクを持ったスーツを着た男性,0,U238ecadb5c6813f7dd43e2d9dc610441
2025/01/10,13:19:29,2,caption,379834,マイクを持ったスーツを着た男性,0,U238ecadb5c6813f7dd43e2d9dc610441
2025/01/10,13:19:29,2,caption,379834,マイクを持ったスーツを着た男性,0,U238ecadb5c6813f7dd43e2d9dc610441
2025/01/10,13:19:30,2,caption,379834,マイクを持ったスーツを着た男性,0,U238ecadb5c6813f7dd43e2d9dc610441
2025/01/10,13:19:31,2,GUMI_AMAE_1000.0,90336,お前、俺の子だ！！,1,U238ecadb5c6813f7dd43e2d9dc610441
2025/01/10,13:19:32,2,llama,171256,窓から猫がぶら下がっている画像に対して一言。,0,U238ecadb5c6813f7dd43e2d9dc610441
2025/01/10,13:19:33,2,Neural_Joking_Machine,820226,え、なに？,311,U238ecadb5c6813f7dd43e2d9dc610441
2025/01/10,13:19:33,2,llama,670113,地面に座っているサッカー選手画像に対して一言。,581,U238ecadb5c6813f7dd43e2d9dc610441
2025/01/10,13:19:34,2,llama,670113,地面に座っているサッカー選手画像に対して一言。,581,U238ecadb5c6813f7dd43e2d9dc610441
2025/01/10,13:19:35,2,llama,670113,地面に座っているサッカー選手画像に対して一言。,581,U238ecadb5c6813f7dd43e2d9dc610441
2025/01/10,13:19:35,2,caption,412739,仏頭が多数並ぶ石垣,3044,U238ecadb5c6813f7dd43e2d9dc610441
2025/01/10,13:19:36,2,GUMI_AMAE_1000.0,48991,お、おい、俺のボケに星を押してやろうか！！,1226,U238ecadb5c6813f7dd43e2d9dc610441
2025/01/10,13:19:36,2,GUMI_AE,271978,あ、お前が見てる,657,U238ecadb5c6813f7dd43e2d9dc610441
2025/01/10,13:19:41,1,GUMI_AMAE_1.0,8991,「お前、見込みアリ。ワシが守ってやるよ。」,0,Ua7ab2c20678445d21f251f19ce625400
2025/01/10,13:19:43,3,GUMI_AMAE_10000.0,866381,この後、二人が囲み、犠牲となった…,0,U15d5c586ae4db86a623a80c0d73bb41d
2025/01/10,13:19:47,0,GUMI_AE,237875,「「「「「「おぎゃぉ！」」」」」」,184,U21168e2db4f757ea059aa2e889fbf12f
2025/01/10,13:20:01,0,GUMI_T_3,139230,「ああ、ちょっと待って！」『え？あ、お父さん…』,0,Ua62ac21914381fbed2e016dd1d5d148f
2025/01/10,13:20:03,0,GUMI_AE,270884,「お母さん、この子ったら、こんなとこで寝てたら風邪ひくわよ」,209,Uc516416932d3276cabbb06d6c59b26ae
2025/01/10,13:20:03,2,caption,310409,男の隣の階段に座っている犬,1,U238ecadb5c6813f7dd43e2d9dc610441
2025/01/10,13:20:16,0,GUMI_AMAE_100.0,570243,「ちょっと待って！今から透明なポールを盗み取り放題だよ！」,0,U1df7b9de297aad87ad8a7bb3209a7039
2025/01/10,13:20:25,1,GUMI_AE,465896,「お前が俺で、俺のボケのセンスには、どんな格好しても全然面白くないな」って、俺って。。,0,Ued8b930eb6ff35a59d27f0297fa81232
2025/01/10,13:20:26,0,caption,255449,スプーン製のネックレスを身に着けている男性。,9226,Ua62ac21914381fbed2e016dd1d5d148f
2025/01/10,13:20:28,2,caption,379834,マイクを持ったスーツを着た男性,0,U238ecadb5c6813f7dd43e2d9dc610441
2025/01/10,13:20:28,2,caption,379834,マイクを持ったスーツを着た男性,0,U238ecadb5c6813f7dd43e2d9dc610441
2025/01/10,13:20:29,2,caption,379834,マイクを持ったスーツを着た男性,0,U238ecadb5c6813f7dd43e2d9dc610441
2025/01/10,13:20:30,2,caption,379834,マイクを持ったスーツを着た男性,0,U238ecadb5c6813f7dd43e2d9dc610441
2025/01/10,13:20:30,2,caption,379834,マイクを持ったスーツを着た男性,0,U238ecadb5c6813f7dd43e2d9dc610441
2025/01/10,13:20:31,2,caption,379834,マイクを持ったスーツを着た男性,0,U238ecadb5c6813f7dd43e2d9dc610441
2025/01/10,13:20:31,2,GUMI_AMAE_1000.0,90336,お前、俺の子だ！！,1,U238ecadb5c6813f7dd43e2d9dc610441
2025/01/10,13:20:33,2,llama,171256,窓から猫がぶら下がっている画像に対して一言。,0,U238ecadb5c6813f7dd43e2d9dc610441
2025/01/10,13:20:33,2,Neural_Joking_Machine,820226,え、なに？,311,U238ecadb5c6813f7dd43e2d9dc610441
2025/01/10,13:20:34,2,llama,670113,地面に座っているサッカー選手画像に対して一言。,581,U238ecadb5c6813f7dd43e2d9dc610441
2025/01/10,13:20:35,2,llama,670113,地面に座っているサッカー選手画像に対して一言。,581,U238ecadb5c6813f7dd43e2d9dc610441
2025/01/10,13:20:35,2,llama,670113,地面に座っているサッカー選手画像に対して一言。,581,U238ecadb5c6813f7dd43e2d9dc610441
2025/01/10,13:20:36,2,caption,412739,仏頭が多数並ぶ石垣,3044,U238ecadb5c6813f7dd43e2d9dc610441
2025/01/10,13:20:36,2,GUMI_AMAE_1000.0,48991,お、おい、俺のボケに星を押してやろうか！！,1226,U238ecadb5c6813f7dd43e2d9dc610441
2025/01/10,13:20:37,2,GUMI_AE,271978,あ、お前が見てる,657,U238ecadb5c6813f7dd43e2d9dc610441
2025/01/10,13:20:37,2,GUMI_AMAE_1000.0,283420,「この人痴漢です」,1,U238ecadb5c6813f7dd43e2d9dc610441
2025/01/10,13:20:42,1,GUMI_AMAE_1.0,8991,「お前、見込みアリ。ワシが守ってやるよ。」,0,Ua7ab2c20678445d21f251f19ce625400
2025/01/10,13:20:43,3,GUMI_AMAE_10000.0,866381,この後、二人が囲み、犠牲となった…,0,U15d5c586ae4db86a623a80c0d73bb41d
2025/01/10,13:20:48,0,GUMI_AE,237875,「「「「「「おぎゃぉ！」」」」」」,184,U21168e2db4f757ea059aa2e889fbf12f
2025/01/10,13:21:01,0,GUMI_T_3,139230,「ああ、ちょっと待って！」『え？あ、お父さん…』,0,Ua62ac21914381fbed2e016dd1d5d148f
2025/01/10,13:21:03,0,GUMI_AE,270884,「お母さん、この子ったら、こんなとこで寝てたら風邪ひくわよ」,209,Uc516416932d3276cabbb06d6c59b26ae
2025/01/10,13:21:04,2,caption,310409,男の隣の階段に座っている犬,1,U238ecadb5c6813f7dd43e2d9dc610441
2025/01/10,13:21:17,0,GUMI_AMAE_100.0,570243,「ちょっと待って！今から透明なポールを盗み取り放題だよ！」,0,U1df7b9de297aad87ad8a7bb3209a7039
2025/01/10,13:21:26,1,GUMI_AE,465896,「お前が俺で、俺のボケのセンスには、どんな格好しても全然面白くないな」って、俺って。。,0,Ued8b930eb6ff35a59d27f0297fa81232
2025/01/10,13:21:26,0,caption,255449,スプーン製のネックレスを身に着けている男性。,9226,Ua62ac21914381fbed2e016dd1d5d148f
2025/01/10,13:21:28,2,caption,379834,マイクを持ったスーツを着た男性,0,U238ecadb5c6813f7dd43e2d9dc610441
2025/01/10,13:21:29,2,caption,379834,マイクを持ったスーツを着た男性,0,U238ecadb5c6813f7dd43e2d9dc610441
2025/01/10,13:21:30,2,caption,379834,マイクを持ったスーツを着た男性,0,U238ecadb5c6813f7dd43e2d9dc610441
2025/01/10,13:21:30,2,caption,379834,マイクを持ったスーツを着た男性,0,U238ecadb5c6813f7dd43e2d9dc610441
2025/01/10,13:21:31,2,caption,379834,マイクを持ったスーツを着た男性,0,U238ecadb5c6813f7dd43e2d9dc610441
2025/01/10,13:21:31,2,caption,379834,マイクを持ったスーツを着た男性,0,U238ecadb5c6813f7dd43e2d9dc610441
2025/01/10,13:21:32,2,GUMI_AMAE_1000.0,90336,お前、俺の子だ！！,1,U238ecadb5c6813f7dd43e2d9dc610441
2025/01/10,13:21:32,2,llama,171256,窓から猫がぶら下がっている画像に対して一言。,0,U238ecadb5c6813f7dd43e2d9dc610441
2025/01/10,13:21:33,2,llama,171256,窓から猫がぶら下がっている画像に対して一言。,0,U238ecadb5c6813f7dd43e2d9dc610441
2025/01/10,13:21:34,2,Neural_Joking_Machine,820226,え、なに？,311,U238ecadb5c6813f7dd43e2d9dc610441
2025/01/10,13:21:34,2,llama,670113,地面に座っているサッカー選手画像に対して一言。,581,U238ecadb5c6813f7dd43e2d9dc610441
2025/01/10,13:21:35,2,llama,670113,地面に座っているサッカー選手画像に対して一言。,581,U238ecadb5c6813f7dd43e2d9dc610441
2025/01/10,13:21:36,2,llama,670113,地面に座っているサッカー選手画像に対して一言。,581,U238ecadb5c6813f7dd43e2d9dc610441
2025/01/10,13:21:36,2,caption,412739,仏頭が多数並ぶ石垣,3044,U238ecadb5c6813f7dd43e2d9dc610441
2025/01/10,13:21:37,2,GUMI_AMAE_1000.0,255449,「俺、海賊王になる」とか言われた,9226,U238ecadb5c6813f7dd43e2d9dc610441
2025/01/10,13:21:38,2,GUMI_AE,271978,あ、お前が見てる,657,U238ecadb5c6813f7dd43e2d9dc610441
2025/01/10,13:21:38,2,GUMI_AMAE_1000.0,283420,「この人痴漢です」,1,U238ecadb5c6813f7dd43e2d9dc610441
2025/01/10,13:21:42,1,GUMI_AMAE_1.0,8991,「お前、見込みアリ。ワシが守ってやるよ。」,0,Ua7ab2c20678445d21f251f19ce625400
2025/01/10,13:21:44,3,GUMI_AMAE_10000.0,866381,この後、二人が囲み、犠牲となった…,0,U15d5c586ae4db86a623a80c0d73bb41d
2025/01/10,13:21:49,0,GUMI_AE,237875,「「「「「「おぎゃぉ！」」」」」」,184,U21168e2db4f757ea059aa2e889fbf12f
2025/01/10,13:22:02,0,GUMI_T_3,139230,「ああ、ちょっと待って！」『え？あ、お父さん…』,0,Ua62ac21914381fbed2e016dd1d5d148f
2025/01/10,13:22:04,0,GUMI_AE,270884,「お母さん、この子ったら、こんなとこで寝てたら風邪ひくわよ」,209,Uc516416932d3276cabbb06d6c59b26ae
2025/01/10,13:22:04,2,caption,310409,男の隣の階段に座っている犬,1,U238ecadb5c6813f7dd43e2d9dc610441
2025/01/10,13:22:17,0,GUMI_AMAE_100.0,570243,「ちょっと待って！今から透明なポールを盗み取り放題だよ！」,0,U1df7b9de297aad87ad8a7bb3209a7039
2025/01/10,13:22:26,1,GUMI_AE,465896,「お前が俺で、俺のボケのセンスには、どんな格好しても全然面白くないな」って、俺って。。,0,Ued8b930eb6ff35a59d27f0297fa81232
2025/01/10,13:22:27,0,caption,255449,スプーン製のネックレスを身に着けている男性。,9226,Ua62ac21914381fbed2e016dd1d5d148f
2025/01/10,13:22:29,2,caption,379834,マイクを持ったスーツを着た男性,0,U238ecadb5c6813f7dd43e2d9dc610441
2025/01/10,13:22:29,2,caption,379834,マイクを持ったスーツを着た男性,0,U238ecadb5c6813f7dd43e2d9dc610441
2025/01/10,13:22:30,2,caption,379834,マイクを持ったスーツを着た男性,0,U238ecadb5c6813f7dd43e2d9dc610441
2025/01/10,13:22:31,2,caption,379834,マイクを持ったスーツを着た男性,0,U238ecadb5c6813f7dd43e2d9dc610441
2025/01/10,13:22:31,2,caption,379834,マイクを持ったスーツを着た男性,0,U238ecadb5c6813f7dd43e2d9dc610441
2025/01/10,13:22:32,2,caption,379834,マイクを持ったスーツを着た男性,0,U238ecadb5c6813f7dd43e2d9dc610441
2025/01/10,13:22:32,2,GUMI_AMAE_1000.0,90336,お前、俺の子だ！！,1,U238ecadb5c6813f7dd43e2d9dc610441
2025/01/10,13:22:33,2,llama,171256,窓から猫がぶら下がっている画像に対して一言。,0,U238ecadb5c6813f7dd43e2d9dc610441
2025/01/10,13:22:34,2,llama,171256,窓から猫がぶら下がっている画像に対して一言。,0,U238ecadb5c6813f7dd43e2d9dc610441
2025/01/10,13:22:34,2,Neural_Joking_Machine,820226,え、なに？,311,U238ecadb5c6813f7dd43e2d9dc610441
2025/01/10,13:22:35,2,llama,670113,地面に座っているサッカー選手画像に対して一言。,581,U238ecadb5c6813f7dd43e2d9dc610441
2025/01/10,13:22:36,2,llama,670113,地面に座っているサッカー選手画像に対して一言。,581,U238ecadb5c6813f7dd43e2d9dc610441
2025/01/10,13:22:36,2,llama,670113,地面に座っているサッカー選手画像に対して一言。,581,U238ecadb5c6813f7dd43e2d9dc610441
2025/01/10,13:22:37,2,caption,412739,仏頭が多数並ぶ石垣,3044,U238ecadb5c6813f7dd43e2d9dc610441
2025/01/10,13:22:38,2,GUMI_AMAE_1000.0,255449,「俺、海賊王になる」とか言われた,9226,U238ecadb5c6813f7dd43e2d9dc610441
2025/01/10,13:22:38,2,GUMI_AMAE_1000.0,48991,お、おい、俺のボケに星を押してやろうか！！,1226,U238ecadb5c6813f7dd43e2d9dc610441
2025/01/10,13:22:39,2,GUMI_AMAE_1000.0,283420,「この人痴漢です」,1,U238ecadb5c6813f7dd43e2d9dc610441
2025/01/10,13:22:43,1,GUMI_AMAE_1.0,8991,「お前、見込みアリ。ワシが守ってやるよ。」,0,Ua7ab2c20678445d21f251f19ce625400
2025/01/10,13:22:44,3,GUMI_AMAE_10000.0,866381,この後、二人が囲み、犠牲となった…,0,U15d5c586ae4db86a623a80c0d73bb41d
2025/01/10,13:22:49,0,GUMI_AE,237875,「「「「「「おぎゃぉ！」」」」」」,184,U21168e2db4f757ea059aa2e889fbf12f
2025/01/10,13:23:03,0,GUMI_T_3,139230,「ああ、ちょっと待って！」『え？あ、お父さん…』,0,Ua62ac21914381fbed2e016dd1d5d148f
2025/01/10,13:23:04,0,GUMI_AE,270884,「お母さん、この子ったら、こんなとこで寝てたら風邪ひくわよ」,209,Uc516416932d3276cabbb06d6c59b26ae
2025/01/10,13:23:05,2,caption,310409,男の隣の階段に座っている犬,1,U238ecadb5c6813f7dd43e2d9dc610441
2025/01/10,13:23:18,0,GUMI_AMAE_100.0,570243,「ちょっと待って！今から透明なポールを盗み取り放題だよ！」,0,U1df7b9de297aad87ad8a7bb3209a7039
2025/01/10,13:23:27,1,GUMI_AE,465896,「お前が俺で、俺のボケのセンスには、どんな格好しても全然面白くないな」って、俺って。。,0,Ued8b930eb6ff35a59d27f0297fa81232
2025/01/10,13:23:27,0,caption,255449,スプーン製のネックレスを身に着けている男性。,9226,Ua62ac21914381fbed2e016dd1d5d148f
2025/01/10,13:23:29,2,caption,379834,マイクを持ったスーツを着た男性,0,U238ecadb5c6813f7dd43e2d9dc610441
2025/01/10,13:23:30,2,caption,379834,マイクを持ったスーツを着た男性,0,U238ecadb5c6813f7dd43e2d9dc610441
2025/01/10,13:23:31,2,caption,379834,マイクを持ったスーツを着た男性,0,U238ecadb5c6813f7dd43e2d9dc610441
2025/01/10,13:23:31,2,caption,379834,マイクを持ったスーツを着た男性,0,U238ecadb5c6813f7dd43e2d9dc610441
2025/01/10,13:23:32,2,caption,379834,マイクを持ったスーツを着た男性,0,U238ecadb5c6813f7dd43e2d9dc610441
2025/01/10,13:23:32,2,caption,379834,マイクを持ったスーツを着た男性,0,U238ecadb5c6813f7dd43e2d9dc610441
2025/01/10,13:23:33,2,GUMI_AMAE_1000.0,90336,お前、俺の子だ！！,1,U238ecadb5c6813f7dd43e2d9dc610441
2025/01/10,13:23:34,2,llama,171256,窓から猫がぶら下がっている画像に対して一言。,0,U238ecadb5c6813f7dd43e2d9dc610441
2025/01/10,13:23:34,2,llama,171256,窓から猫がぶら下がっている画像に対して一言。,0,U238ecadb5c6813f7dd43e2d9dc610441
2025/01/10,13:23:35,2,Neural_Joking_Machine,820226,え、なに？,311,U238ecadb5c6813f7dd43e2d9dc610441
2025/01/10,13:23:35,2,llama,670113,地面に座っているサッカー選手画像に対して一言。,581,U238ecadb5c6813f7dd43e2d9dc610441
2025/01/10,13:23:36,2,llama,670113,地面に座っているサッカー選手画像に対して一言。,581,U238ecadb5c6813f7dd43e2d9dc610441
2025/01/10,13:23:37,2,llama,670113,地面に座っているサッカー選手画像に対して一言。,581,U238ecadb5c6813f7dd43e2d9dc610441
2025/01/10,13:23:38,2,caption,412739,仏頭が多数並ぶ石垣,3044,U238ecadb5c6813f7dd43e2d9dc610441
2025/01/10,13:23:38,2,GUMI_AMAE_1000.0,255449,「俺、海賊王になる」とか言われた,9226,U238ecadb5c6813f7dd43e2d9dc610441
2025/01/10,13:23:39,2,GUMI_AMAE_1000.0,48991,お、おい、俺のボケに星を押してやろうか！！,1226,U238ecadb5c6813f7dd43e2d9dc610441
2025/01/10,13:23:39,2,GUMI_AMAE_1000.0,283420,「この人痴漢です」,1,U238ecadb5c6813f7dd43e2d9dc610441
2025/01/10,13:23:40,2,GUMI_AMAE_1000.0,283420,「この人痴漢です」,1,U238ecadb5c6813f7dd43e2d9dc610441
2025/01/10,13:23:40,2,GUMI_AMAE_1000.0,283420,「この人痴漢です」,1,U238ecadb5c6813f7dd43e2d9dc610441
2025/01/10,13:23:41,2,GUMI_AMAE_100.0,281343,「お前が俺で、俺がお前で？」,658,Ued8b930eb6ff35a59d27f0297fa81232
2025/01/10,13:23:41,2,GUMI_AMAE_1000.0,283420,「この人痴漢です」,1,U238ecadb5c6813f7dd43e2d9dc610441
2025/01/10,13:23:43,1,GUMI_AMAE_1.0,8991,「お前、見込みアリ。ワシが守ってやるよ。」,0,Ua7ab2c20678445d21f251f19ce625400
2025/01/10,13:23:45,3,GUMI_AMAE_10000.0,866381,この後、二人が囲み、犠牲となった…,0,U15d5c586ae4db86a623a80c0d73bb41d
2025/01/10,13:23:50,0,GUMI_AE,237875,「「「「「「おぎゃぉ！」」」」」」,184,U21168e2db4f757ea059aa2e889fbf12f
2025/01/10,13:24:03,0,GUMI_T_3,139230,「ああ、ちょっと待って！」『え？あ、お父さん…』,0,Ua62ac21914381fbed2e016dd1d5d148f
2025/01/10,13:24:05,0,GUMI_AE,270884,「お母さん、この子ったら、こんなとこで寝てたら風邪ひくわよ」,209,Uc516416932d3276cabbb06d6c59b26ae
2025/01/10,13:24:05,2,caption,310409,男の隣の階段に座っている犬,1,U238ecadb5c6813f7dd43e2d9dc610441
2025/01/10,13:24:19,0,GUMI_AMAE_100.0,570243,「ちょっと待って！今から透明なポールを盗み取り放題だよ！」,0,U1df7b9de297aad87ad8a7bb3209a7039
2025/01/10,13:24:27,1,GUMI_AE,465896,「お前が俺で、俺のボケのセンスには、どんな格好しても全然面白くないな」って、俺って。。,0,Ued8b930eb6ff35a59d27f0297fa81232
2025/01/10,13:24:28,0,caption,255449,スプーン製のネックレスを身に着けている男性。,9226,Ua62ac21914381fbed2e016dd1d5d148f
2025/01/10,13:24:30,2,caption,379834,マイクを持ったスーツを着た男性,0,U238ecadb5c6813f7dd43e2d9dc610441
2025/01/10,13:24:30,2,caption,379834,マイクを持ったスーツを着た男性,0,U238ecadb5c6813f7dd43e2d9dc610441
2025/01/10,13:24:31,2,caption,379834,マイクを持ったスーツを着た男性,0,U238ecadb5c6813f7dd43e2d9dc610441
2025/01/10,13:24:32,2,caption,379834,マイクを持ったスーツを着た男性,0,U238ecadb5c6813f7dd43e2d9dc610441
2025/01/10,13:24:32,2,caption,379834,マイクを持ったスーツを着た男性,0,U238ecadb5c6813f7dd43e2d9dc610441
2025/01/10,13:24:33,2,caption,379834,マイクを持ったスーツを着た男性,0,U238ecadb5c6813f7dd43e2d9dc610441
2025/01/10,13:24:34,2,GUMI_AMAE_1000.0,90336,お前、俺の子だ！！,1,U238ecadb5c6813f7dd43e2d9dc610441
2025/01/10,13:24:34,2,llama,171256,窓から猫がぶら下がっている画像に対して一言。,0,U238ecadb5c6813f7dd43e2d9dc610441
2025/01/10,13:24:35,2,llama,171256,窓から猫がぶら下がっている画像に対して一言。,0,U238ecadb5c6813f7dd43e2d9dc610441
2025/01/10,13:24:35,2,Neural_Joking_Machine,820226,え、なに？,311,U238ecadb5c6813f7dd43e2d9dc610441
2025/01/10,13:24:36,2,llama,670113,地面に座っているサッカー選手画像に対して一言。,581,U238ecadb5c6813f7dd43e2d9dc610441
2025/01/10,13:24:37,2,llama,670113,地面に座っているサッカー選手画像に対して一言。,581,U238ecadb5c6813f7dd43e2d9dc610441
2025/01/10,13:24:38,2,llama,670113,地面に座っているサッカー選手画像に対して一言。,581,U238ecadb5c6813f7dd43e2d9dc610441
2025/01/10,13:24:38,2,caption,412739,仏頭が多数並ぶ石垣,3044,U238ecadb5c6813f7dd43e2d9dc610441
2025/01/10,13:24:39,2,GUMI_AMAE_1000.0,255449,「俺、海賊王になる」とか言われた,9226,U238ecadb5c6813f7dd43e2d9dc610441
2025/01/10,13:24:39,2,GUMI_AMAE_1000.0,48991,お、おい、俺のボケに星を押してやろうか！！,1226,U238ecadb5c6813f7dd43e2d9dc610441
2025/01/10,13:24:40,2,GUMI_AE,271978,あ、お前が見てる,657,U238ecadb5c6813f7dd43e2d9dc610441
2025/01/10,13:24:42,2,GUMI_AMAE_1000.0,283420,「この人痴漢です」,1,U238ecadb5c6813f7dd43e2d9dc610441
2025/01/10,13:24:42,2,GUMI_AMAE_1000.0,283420,「この人痴漢です」,1,U238ecadb5c6813f7dd43e2d9dc610441
2025/01/10,13:24:44,1,GUMI_AMAE_1.0,8991,「お前、見込みアリ。ワシが守ってやるよ。」,0,Ua7ab2c20678445d21f251f19ce625400
2025/01/10,13:24:46,3,GUMI_AMAE_10000.0,866381,この後、二人が囲み、犠牲となった…,0,U15d5c586ae4db86a623a80c0d73bb41d
2025/01/10,13:24:50,0,GUMI_AE,237875,「「「「「「おぎゃぉ！」」」」」」,184,U21168e2db4f757ea059aa2e889fbf12f
2025/01/10,13:25:04,0,GUMI_T_3,139230,「ああ、ちょっと待って！」『え？あ、お父さん…』,0,Ua62ac21914381fbed2e016dd1d5d148f
2025/01/10,13:25:05,0,GUMI_AE,270884,「お母さん、この子ったら、こんなとこで寝てたら風邪ひくわよ」,209,Uc516416932d3276cabbb06d6c59b26ae
2025/01/10,13:25:06,2,caption,310409,男の隣の階段に座っている犬,1,U238ecadb5c6813f7dd43e2d9dc610441
2025/01/10,13:25:19,0,GUMI_AMAE_100.0,570243,「ちょっと待って！今から透明なポールを盗み取り放題だよ！」,0,U1df7b9de297aad87ad8a7bb3209a7039
2025/01/10,13:25:28,1,GUMI_AE,465896,「お前が俺で、俺のボケのセンスには、どんな格好しても全然面白くないな」って、俺って。。,0,Ued8b930eb6ff35a59d27f0297fa81232
2025/01/10,13:25:29,0,caption,255449,スプーン製のネックレスを身に着けている男性。,9226,Ua62ac21914381fbed2e016dd1d5d148f
2025/01/10,13:25:30,2,caption,379834,マイクを持ったスーツを着た男性,0,U238ecadb5c6813f7dd43e2d9dc610441
2025/01/10,13:25:31,2,caption,379834,マイクを持ったスーツを着た男性,0,U238ecadb5c6813f7dd43e2d9dc610441
2025/01/10,13:25:32,2,caption,379834,マイクを持ったスーツを着た男性,0,U238ecadb5c6813f7dd43e2d9dc610441
2025/01/10,13:25:32,2,caption,379834,マイクを持ったスーツを着た男性,0,U238ecadb5c6813f7dd43e2d9dc610441
2025/01/10,13:25:33,2,caption,379834,マイクを持ったスーツを着た男性,0,U238ecadb5c6813f7dd43e2d9dc610441
2025/01/10,13:25:34,2,caption,379834,マイクを持ったスーツを着た男性,0,U238ecadb5c6813f7dd43e2d9dc610441
2025/01/10,13:25:34,2,GUMI_AMAE_1000.0,90336,お前、俺の子だ！！,1,U238ecadb5c6813f7dd43e2d9dc610441
2025/01/10,13:25:35,2,llama,171256,窓から猫がぶら下がっている画像に対して一言。,0,U238ecadb5c6813f7dd43e2d9dc610441
2025/01/10,13:25:35,2,llama,171256,窓から猫がぶら下がっている画像に対して一言。,0,U238ecadb5c6813f7dd43e2d9dc610441
2025/01/10,13:25:36,2,Neural_Joking_Machine,820226,え、なに？,311,U238ecadb5c6813f7dd43e2d9dc610441
2025/01/10,13:25:37,2,llama,670113,地面に座っているサッカー選手画像に対して一言。,581,U238ecadb5c6813f7dd43e2d9dc610441
2025/01/10,13:25:37,2,llama,670113,地面に座っているサッカー選手画像に対して一言。,581,U238ecadb5c6813f7dd43e2d9dc610441
2025/01/10,13:25:38,2,llama,670113,地面に座っているサッカー選手画像に対して一言。,581,U238ecadb5c6813f7dd43e2d9dc610441
2025/01/10,13:25:39,2,caption,412739,仏頭が多数並ぶ石垣,3044,U238ecadb5c6813f7dd43e2d9dc610441
2025/01/10,13:25:39,2,GUMI_AMAE_1000.0,255449,「俺、海賊王になる」とか言われた,9226,U238ecadb5c6813f7dd43e2d9dc610441
2025/01/10,13:25:40,2,GUMI_AMAE_1000.0,48991,お、おい、俺のボケに星を押してやろうか！！,1226,U238ecadb5c6813f7dd43e2d9dc610441
2025/01/10,13:25:40,2,GUMI_AE,271978,あ、お前が見てる,657,U238ecadb5c6813f7dd43e2d9dc610441
2025/01/10,13:25:42,2,GUMI_AMAE_1000.0,283420,「この人痴漢です」,1,U238ecadb5c6813f7dd43e2d9dc610441
2025/01/10,13:25:43,2,GUMI_AMAE_1000.0,283420,「この人痴漢です」,1,U238ecadb5c6813f7dd43e2d9dc610441
2025/01/10,13:25:43,2,GUMI_AMAE_100.0,281343,「お前が俺で、俺がお前で？」,658,Ued8b930eb6ff35a59d27f0297fa81232
2025/01/10,13:25:46,3,GUMI_AMAE_10000.0,866381,この後、二人が囲み、犠牲となった…,0,U15d5c586ae4db86a623a80c0d73bb41d
2025/01/10,13:25:51,0,GUMI_AE,237875,「「「「「「おぎゃぉ！」」」」」」,184,U21168e2db4f757ea059aa2e889fbf12f
2025/01/10,13:26:04,0,GUMI_T_3,139230,「ああ、ちょっと待って！」『え？あ、お父さん…』,0,Ua62ac21914381fbed2e016dd1d5d148f
2025/01/10,13:26:06,0,GUMI_AE,270884,「お母さん、この子ったら、こんなとこで寝てたら風邪ひくわよ」,209,Uc516416932d3276cabbb06d6c59b26ae
2025/01/10,13:26:20,0,GUMI_AMAE_100.0,570243,「ちょっと待って！今から透明なポールを盗み取り放題だよ！」,0,U1df7b9de297aad87ad8a7bb3209a7039
2025/01/10,13:26:29,0,caption,255449,スプーン製のネックレスを身に着けている男性。,9226,Ua62ac21914381fbed2e016dd1d5d148f
2025/01/10,13:26:31,2,caption,379834,マイクを持ったスーツを着た男性,0,U238ecadb5c6813f7dd43e2d9dc610441
2025/01/10,13:26:32,2,caption,379834,マイクを持ったスーツを着た男性,0,U238ecadb5c6813f7dd43e2d9dc610441
2025/01/10,13:26:32,2,caption,379834,マイクを持ったスーツを着た男性,0,U238ecadb5c6813f7dd43e2d9dc610441
2025/01/10,13:26:33,2,caption,379834,マイクを持ったスーツを着た男性,0,U238ecadb5c6813f7dd43e2d9dc610441
2025/01/10,13:26:33,2,caption,379834,マイクを持ったスーツを着た男性,0,U238ecadb5c6813f7dd43e2d9dc610441
2025/01/10,13:26:34,2,caption,379834,マイクを持ったスーツを着た男性,0,U238ecadb5c6813f7dd43e2d9dc610441
2025/01/10,13:26:35,2,GUMI_AMAE_1000.0,90336,お前、俺の子だ！！,1,U238ecadb5c6813f7dd43e2d9dc610441
2025/01/10,13:26:35,2,llama,171256,窓から猫がぶら下がっている画像に対して一言。,0,U238ecadb5c6813f7dd43e2d9dc610441
2025/01/10,13:26:36,2,llama,171256,窓から猫がぶら下がっている画像に対して一言。,0,U238ecadb5c6813f7dd43e2d9dc610441
2025/01/10,13:26:37,2,Neural_Joking_Machine,820226,え、なに？,311,U238ecadb5c6813f7dd43e2d9dc610441
2025/01/10,13:26:37,2,llama,670113,地面に座っているサッカー選手画像に対して一言。,581,U238ecadb5c6813f7dd43e2d9dc610441
2025/01/10,13:26:38,2,llama,670113,地面に座っているサッカー選手画像に対して一言。,581,U238ecadb5c6813f7dd43e2d9dc610441
2025/01/10,13:26:39,2,llama,670113,地面に座っているサッカー選手画像に対して一言。,581,U238ecadb5c6813f7dd43e2d9dc610441
2025/01/10,13:26:39,2,caption,412739,仏頭が多数並ぶ石垣,3044,U238ecadb5c6813f7dd43e2d9dc610441
2025/01/10,13:26:40,2,GUMI_AMAE_1000.0,255449,「俺、海賊王になる」とか言われた,9226,U238ecadb5c6813f7dd43e2d9dc610441
2025/01/10,13:26:40,2,GUMI_AMAE_1000.0,48991,お、おい、俺のボケに星を押してやろうか！！,1226,U238ecadb5c6813f7dd43e2d9dc610441
2025/01/10,13:26:41,2,GUMI_AE,271978,あ、お前が見てる,657,U238ecadb5c6813f7dd43e2d9dc610441
2025/01/10,13:26:43,2,GUMI_AMAE_1000.0,283420,「この人痴漢です」,1,U238ecadb5c6813f7dd43e2d9dc610441
2025/01/10,13:26:43,2,GUMI_AMAE_1000.0,283420,「この人痴漢です」,1,U238ecadb5c6813f7dd43e2d9dc610441
2025/01/10,13:26:44,2,GUMI_AMAE_100.0,281343,「お前が俺で、俺がお前で？」,658,Ued8b930eb6ff35a59d27f0297fa81232
2025/01/10,13:27:05,0,GUMI_T_3,139230,「ああ、ちょっと待って！」『え？あ、お父さん…』,0,Ua62ac21914381fbed2e016dd1d5d148f
2025/01/10,13:27:07,0,GUMI_AE,270884,「お母さん、この子ったら、こんなとこで寝てたら風邪ひくわよ」,209,Uc516416932d3276cabbb06d6c59b26ae
2025/01/10,13:27:20,0,GUMI_AMAE_100.0,570243,「ちょっと待って！今から透明なポールを盗み取り放題だよ！」,0,U1df7b9de297aad87ad8a7bb3209a7039
2025/01/10,14:24:04,3,GUMI_AMAE_1.0,824228,「おーい、そこの君。俺の服返してくれ。」,2,Ued8b930eb6ff35a59d27f0297fa81232
2025/01/10,14:24:09,0,llama,470527,浜辺を歩く二人の女と赤ん坊画像に対して一言。,824,Ued8b930eb6ff35a59d27f0297fa81232
2025/01/10,15:42:59,0,GUMI_AMAE_10.0,278348,「あ、目が合った。」,0,Ua62ac21914381fbed2e016dd1d5d148f
2025/01/10,15:43:01,0,GUMI_AMAE_100.0,861708,「お前は何をしに来たんだよ！」と言われた,0,Ua62ac21914381fbed2e016dd1d5d148f
2025/01/10,15:43:03,0,GUMI_AMAE_100.0,210423,「この店は初めてかい？」といわれ複雑な心境,276,Ua62ac21914381fbed2e016dd1d5d148f
2025/01/10,15:43:05,0,GUMI_AMAE_100.0,672837,「お前の頭が磁石と同じってなー」「ああ。」,539,Ua62ac21914381fbed2e016dd1d5d148f
2025/01/10,15:43:09,0,GUMI_AMAE_100.0,227567,「お前の身長こんくらいだ」,0,Ua62ac21914381fbed2e016dd1d5d148f
2025/01/10,15:43:11,0,GUMI_AMAE_1000.0,30958,お母さんの乳を飲ませたら、こんなんになった,1,Ua62ac21914381fbed2e016dd1d5d148f
2025/01/10,15:43:13,0,caption,329775,口を開けたクモヒョウ,271,Ua62ac21914381fbed2e016dd1d5d148f
2025/01/10,15:43:14,0,Neural_Joking_Machine,404481,「あー、なるほど。で、何で俺だけ何で生き物なんやろ？」,1,Ua62ac21914381fbed2e016dd1d5d148f
2025/01/10,20:08:26,2,GUMI_AE,643412,「お前は何をしているんだ？」「お前が言うんだ」,0,U24a6c307debfbd61446491666fa22f92
2025/01/10,20:09:26,0,GUMI_AMAE_1000.0,551532,「お客様の帽子を被った理由はなんですか？」の質問が聞こえた,175,U24a6c307debfbd61446491666fa22f92
2025/01/10,20:09:32,3,caption,720167,ハムスターが赤い円のあるソファーの上に座っている,0,U24a6c307debfbd61446491666fa22f92
2025/01/10,20:09:43,3,human,315745,今日も指名ありませんか…？,0,U24a6c307debfbd61446491666fa22f92
2025/01/10,20:09:58,0,llama,706501,#入力画像に対して一言,0,U24a6c307debfbd61446491666fa22f92
2025/01/10,20:10:27,2,GUMI_AMAE_1000.0,595619,「おい、あの女だれだ！」,0,U24a6c307debfbd61446491666fa22f92
2025/01/10,20:11:04,0,caption,422007,ポケットに手を入れて岩に腰掛けている女性,119,U24a6c307debfbd61446491666fa22f92
2025/01/10,20:11:09,2,human,459610,やだ！わしの年収低すぎ!？,0,U24a6c307debfbd61446491666fa22f92
2025/01/10,20:11:38,1,llama,570243,女性の隣にいる男が全裸で、男性器をぶらさげている,0,U24a6c307debfbd61446491666fa22f92
2025/01/10,20:11:44,0,caption,4631,石畳通りを歩くネコとハト,0,U24a6c307debfbd61446491666fa22f92
2025/01/10,20:11:47,3,human,422007,…さてとどうやって降りようかしら,119,U24a6c307debfbd61446491666fa22f92
2025/01/10,20:12:07,0,llama,662906,手を挙げて太陽の前にいる男画像に、「この男、手首だけだ」,3544,U24a6c307debfbd61446491666fa22f92
2025/01/10,20:12:13,3,human,378711,あっ、この鉛筆みたいな臭い！ご主人が帰って来た！！,271,U24a6c307debfbd61446491666fa22f92
2025/01/10,20:12:24,0,GUMI_AMAE_100.0,171773,「この子の命はひても、お前の事を忘れられない」,0,U24a6c307debfbd61446491666fa22f92
2025/01/10,20:12:34,0,Neural_Joking_Machine,8991,「お前が俺を飼っているんじゃない、お前は何がしたいんだ！！」,0,U24a6c307debfbd61446491666fa22f92
2025/01/10,20:12:42,1,GUMI_AMAE_10.0,254575,この後、目を開けて下さい。,751,U24a6c307debfbd61446491666fa22f92
2025/01/10,20:13:02,3,GUMI_AE,201511,「この子、将来結婚します！」って、言ったら、こんな感じなもんです。,4579,U24a6c307debfbd61446491666fa22f92
2025/01/10,20:13:07,0,caption,765561,駐車場に立っている男と少女,0,U24a6c307debfbd61446491666fa22f92
2025/01/10,20:13:13,3,human,105875,ふっ！あなた、そんなんで私を逝かせようとしたの？,1,U24a6c307debfbd61446491666fa22f92
2025/01/12,21:10:07,2,GUMI_T_3,311022,「醤油とソースを入れて遊んでますよ！」,704,U6b7a70546d755e2d9ff5d97fd368a9b2
2025/01/12,21:10:29,1,GUMI_AE,221724,この後、彼を見たものは誰もいなかった・・・,688,U6b7a70546d755e2d9ff5d97fd368a9b2
2025/01/12,21:10:43,1,GUMI_AMAE_10.0,457392,俺の中の何か,0,U6b7a70546d755e2d9ff5d97fd368a9b2
2025/01/12,21:10:56,2,GUMI_AMAE_10000.0,154957,「お前の家のカレーは、こうやっているんだ！」,3,U6b7a70546d755e2d9ff5d97fd368a9b2
2025/01/12,21:11:09,2,caption,130959,小さな犬を飼っているタトゥーをまとった男性,0,U6b7a70546d755e2d9ff5d97fd368a9b2
2025/01/12,21:11:20,2,GUMI_AMAE_100.0,795946,「お前、今日は何曜日だっけ？」「「「「「「「「「「「塾サボってなーい！,256,U6b7a70546d755e2d9ff5d97fd368a9b2
2025/01/12,21:11:35,1,Neural_Joking_Machine,609616,この指と、この中に、誰の顔が！！？,281,U6b7a70546d755e2d9ff5d97fd368a9b2
2025/01/12,21:11:47,2,human,337268,よっしゃー！次の崖だ！！,233,U6b7a70546d755e2d9ff5d97fd368a9b2
2025/01/12,21:11:56,2,GUMI_AMAE_1.0,365430,お、お前、おれの手を借りたいのか？,0,U6b7a70546d755e2d9ff5d97fd368a9b2
2025/01/12,21:12:09,2,GUMI_AE,4631,「お前は、お前の味方はわしの子だ」,0,U6b7a70546d755e2d9ff5d97fd368a9b2
2025/01/12,21:12:16,3,GUMI_AMAE_100.0,753960,「お前の母ちゃんデベソー」,3,U6b7a70546d755e2d9ff5d97fd368a9b2
2025/01/12,21:12:27,2,GUMI_T_3,593141,「お風呂は嫌い」と言った結果,432,U6b7a70546d755e2d9ff5d97fd368a9b2
2025/01/12,21:12:41,3,human,181249,黄身がいなくなってから殻に閉じこもってばかりだ,110,U6b7a70546d755e2d9ff5d97fd368a9b2
2025/01/12,21:12:51,2,caption,854542,岩を眺めて地面にひざまずく男,122,U6b7a70546d755e2d9ff5d97fd368a9b2
2025/01/12,21:13:09,2,human,678875,隠れているリーゼントを探せ！,0,U6b7a70546d755e2d9ff5d97fd368a9b2
2025/01/12,21:13:17,2,llama,430533,男性が眼鏡を外して「いやー、よく見たら全然イケメンじゃないな」,0,U6b7a70546d755e2d9ff5d97fd368a9b2
2025/01/12,21:13:26,2,GUMI_T_3,764490,この先の渋滞が渋滞,9455,U6b7a70546d755e2d9ff5d97fd368a9b2
2025/01/12,21:13:36,2,GUMI_T_3,221724,寝袋の寝袋の中身が見たい,688,U6b7a70546d755e2d9ff5d97fd368a9b2
2025/01/12,21:13:44,2,GUMI_AMAE_10.0,79811,「…」,718,U6b7a70546d755e2d9ff5d97fd368a9b2
2025/01/12,21:13:52,2,caption,156489,男女の絵,0,U6b7a70546d755e2d9ff5d97fd368a9b2
2025/01/12,21:14:00,2,human,757543,コーラス隊が目立つ,0,U6b7a70546d755e2d9ff5d97fd368a9b2
2025/01/13,03:27:30,2,GUMI_AMAE_1.0,155707,「この辺は、このように食べごろです」,2513,U81871d2aa3a80ab44110271b3fe58509
2025/01/13,03:27:33,3,GUMI_AMAE_100.0,634136,お前ん家の母ちゃんデベソー,0,U81871d2aa3a80ab44110271b3fe58509
2025/01/13,03:27:37,3,human,465896,かくれんぼ中にみんな帰ってしまった,0,U81871d2aa3a80ab44110271b3fe58509
